match_id,world_cup_year,host_country,date,stage,tournament_stage_order,group,result_method,is_walkover,went_to_extra_time,went_to_penalties,has_halftime_data,is_historical_entity,team,opponent,goals_for,goals_against,result
1,1930,Uruguay,1930-07-13,Group Stage,1,Group 1,Normal Time,False,False,False,True,False,France,Mexico,4,1,Win
1,1930,Uruguay,1930-07-13,Group Stage,1,Group 1,Normal Time,False,False,False,True,False,Mexico,France,1,4,Loss
2,1930,Uruguay,1930-07-15,Group Stage,1,Group 1,Normal Time,False,False,False,True,False,Argentina,France,1,0,Win
2,1930,Uruguay,1930-07-15,Group Stage,1,Group 1,Normal Time,False,False,False,True,False,France,Argentina,0,1,Loss
3,1930,Uruguay,1930-07-16,Group Stage,1,Group 1,Normal Time,False,False,False,True,False,Chile,Mexico,3,0,Win
3,1930,Uruguay,1930-07-16,Group Stage,1,Group 1,Normal Time,False,False,False,True,False,Mexico,Chile,0,3,Loss
4,1930,Uruguay,1930-07-19,Group Stage,1,Group 1,Normal Time,False,False,False,True,False,Chile,France,1,0,Win
4,1930,Uruguay,1930-07-19,Group Stage,1,Group 1,Normal Time,False,False,False,True,False,France,Chile,0,1,Loss
5,1930,Uruguay,1930-07-19,Group Stage,1,Group 1,Normal Time,False,False,False,True,False,Argentina,Mexico,6,3,Win
5,1930,Uruguay,1930-07-19,Group Stage,1,Group 1,Normal Time,False,False,False,True,False,Mexico,Argentina,3,6,Loss
6,1930,Uruguay,1930-07-22,Group Stage,1,Group 1,Normal Time,False,False,False,True,False,Argentina,Chile,3,1,Win
6,1930,Uruguay,1930-07-22,Group Stage,1,Group 1,Normal Time,False,False,False,True,False,Chile,Argentina,1,3,Loss
7,1930,Uruguay,1930-07-14,Group Stage,1,Group 2,Normal Time,False,False,False,True,True,Brazil,Yugoslavia,1,2,Loss
7,1930,Uruguay,1930-07-14,Group Stage,1,Group 2,Normal Time,False,False,False,True,True,Yugoslavia,Brazil,2,1,Win
8,1930,Uruguay,1930-07-17,Group Stage,1,Group 2,Normal Time,False,False,False,True,True,Bolivia,Yugoslavia,0,4,Loss
8,1930,Uruguay,1930-07-17,Group Stage,1,Group 2,Normal Time,False,False,False,True,True,Yugoslavia,Bolivia,4,0,Win
9,1930,Uruguay,1930-07-20,Group Stage,1,Group 2,Normal Time,False,False,False,True,False,Bolivia,Brazil,0,4,Loss
9,1930,Uruguay,1930-07-20,Group Stage,1,Group 2,Normal Time,False,False,False,True,False,Brazil,Bolivia,4,0,Win
10,1930,Uruguay,1930-07-14,Group Stage,1,Group 3,Normal Time,False,False,False,True,False,Peru,Romania,1,3,Loss
10,1930,Uruguay,1930-07-14,Group Stage,1,Group 3,Normal Time,False,False,False,True,False,Romania,Peru,3,1,Win
11,1930,Uruguay,1930-07-18,Group Stage,1,Group 3,Normal Time,False,False,False,True,False,Peru,Uruguay,0,1,Loss
11,1930,Uruguay,1930-07-18,Group Stage,1,Group 3,Normal Time,False,False,False,True,False,Uruguay,Peru,1,0,Win
12,1930,Uruguay,1930-07-21,Group Stage,1,Group 3,Normal Time,False,False,False,True,False,Romania,Uruguay,0,4,Loss
12,1930,Uruguay,1930-07-21,Group Stage,1,Group 3,Normal Time,False,False,False,True,False,Uruguay,Romania,4,0,Win
13,1930,Uruguay,1930-07-13,Group Stage,1,Group 4,Normal Time,False,False,False,True,False,Belgium,United States,0,3,Loss
13,1930,Uruguay,1930-07-13,Group Stage,1,Group 4,Normal Time,False,False,False,True,False,United States,Belgium,3,0,Win
14,1930,Uruguay,1930-07-17,Group Stage,1,Group 4,Normal Time,False,False,False,True,False,Paraguay,United States,0,3,Loss
14,1930,Uruguay,1930-07-17,Group Stage,1,Group 4,Normal Time,False,False,False,True,False,United States,Paraguay,3,0,Win
15,1930,Uruguay,1930-07-20,Group Stage,1,Group 4,Normal Time,False,False,False,True,False,Belgium,Paraguay,0,1,Loss
15,1930,Uruguay,1930-07-20,Group Stage,1,Group 4,Normal Time,False,False,False,True,False,Paraguay,Belgium,1,0,Win
16,1930,Uruguay,1930-07-26,Semi-final,5,,Normal Time,False,False,False,True,False,Argentina,United States,6,1,Win
16,1930,Uruguay,1930-07-26,Semi-final,5,,Normal Time,False,False,False,True,False,United States,Argentina,1,6,Loss
17,1930,Uruguay,1930-07-27,Semi-final,5,,Normal Time,False,False,False,True,True,Uruguay,Yugoslavia,6,1,Win
17,1930,Uruguay,1930-07-27,Semi-final,5,,Normal Time,False,False,False,True,True,Yugoslavia,Uruguay,1,6,Loss
18,1930,Uruguay,1930-07-30,Final,7,,Normal Time,False,False,False,True,False,Argentina,Uruguay,2,4,Loss
18,1930,Uruguay,1930-07-30,Final,7,,Normal Time,False,False,False,True,False,Uruguay,Argentina,4,2,Win
19,1934,Italy,1934-05-27,Preliminary round,0,,Normal Time,False,False,False,True,False,Argentina,Sweden,2,3,Loss
19,1934,Italy,1934-05-27,Preliminary round,0,,Normal Time,False,False,False,True,False,Sweden,Argentina,3,2,Win
20,1934,Italy,1934-05-27,Preliminary round,0,,Extra Time,False,True,False,True,False,Austria,France,1,1,Win
20,1934,Italy,1934-05-27,Preliminary round,0,,Extra Time,False,True,False,True,False,France,Austria,1,1,Loss
21,1934,Italy,1934-05-27,Preliminary round,0,,Normal Time,False,False,False,True,False,Belgium,Germany,2,5,Loss
21,1934,Italy,1934-05-27,Preliminary round,0,,Normal Time,False,False,False,True,False,Germany,Belgium,5,2,Win
22,1934,Italy,1934-05-27,Preliminary round,0,,Normal Time,False,False,False,True,False,Brazil,Spain,1,3,Loss
22,1934,Italy,1934-05-27,Preliminary round,0,,Normal Time,False,False,False,True,False,Spain,Brazil,3,1,Win
23,1934,Italy,1934-05-27,Preliminary round,0,,Normal Time,False,False,False,True,False,Egypt,Hungary,2,4,Loss
23,1934,Italy,1934-05-27,Preliminary round,0,,Normal Time,False,False,False,True,False,Hungary,Egypt,4,2,Win
24,1934,Italy,1934-05-27,Preliminary round,0,,Normal Time,False,False,False,True,False,Netherlands,Switzerland,2,3,Loss
24,1934,Italy,1934-05-27,Preliminary round,0,,Normal Time,False,False,False,True,False,Switzerland,Netherlands,3,2,Win
25,1934,Italy,1934-05-27,Preliminary round,0,,Normal Time,False,False,False,True,False,Italy,United States,7,1,Win
25,1934,Italy,1934-05-27,Preliminary round,0,,Normal Time,False,False,False,True,False,United States,Italy,1,7,Loss
26,1934,Italy,1934-05-27,Preliminary round,0,,Normal Time,False,False,False,True,True,Czechoslovakia,Romania,2,1,Win
26,1934,Italy,1934-05-27,Preliminary round,0,,Normal Time,False,False,False,True,True,Romania,Czechoslovakia,1,2,Loss
27,1934,Italy,1934-05-31,Quarter-final,4,,Normal Time,False,False,False,True,True,Czechoslovakia,Switzerland,3,2,Win
27,1934,Italy,1934-05-31,Quarter-final,4,,Normal Time,False,False,False,True,True,Switzerland,Czechoslovakia,2,3,Loss
28,1934,Italy,1934-05-31,Quarter-final,4,,Normal Time,False,False,False,True,False,Germany,Sweden,2,1,Win
28,1934,Italy,1934-05-31,Quarter-final,4,,Normal Time,False,False,False,True,False,Sweden,Germany,1,2,Loss
29,1934,Italy,1934-05-31,Quarter-final,4,,Draw (after Extra Time),False,True,False,True,False,Italy,Spain,1,1,Draw
29,1934,Italy,1934-05-31,Quarter-final,4,,Draw (after Extra Time),False,True,False,True,False,Spain,Italy,1,1,Draw
30,1934,Italy,1934-05-31,Quarter-final,4,,Normal Time,False,False,False,True,False,Austria,Hungary,2,1,Win
30,1934,Italy,1934-05-31,Quarter-final,4,,Normal Time,False,False,False,True,False,Hungary,Austria,1,2,Loss
31,1934,Italy,1934-06-01,Quarter-final,4,,Normal Time,False,False,False,True,False,Italy,Spain,1,0,Win
31,1934,Italy,1934-06-01,Quarter-final,4,,Normal Time,False,False,False,True,False,Spain,Italy,0,1,Loss
32,1934,Italy,1934-06-03,Semi-final,5,,Normal Time,False,False,False,True,False,Austria,Italy,0,1,Loss
32,1934,Italy,1934-06-03,Semi-final,5,,Normal Time,False,False,False,True,False,Italy,Austria,1,0,Win
33,1934,Italy,1934-06-03,Semi-final,5,,Normal Time,False,False,False,True,True,Czechoslovakia,Germany,3,1,Win
33,1934,Italy,1934-06-03,Semi-final,5,,Normal Time,False,False,False,True,True,Germany,Czechoslovakia,1,3,Loss
34,1934,Italy,1934-06-07,Third-place match,6,,Normal Time,False,False,False,True,False,Austria,Germany,2,3,Loss
34,1934,Italy,1934-06-07,Third-place match,6,,Normal Time,False,False,False,True,False,Germany,Austria,3,2,Win
35,1934,Italy,1934-06-10,Final,7,,Extra Time,False,True,False,True,True,Czechoslovakia,Italy,1,1,Loss
35,1934,Italy,1934-06-10,Final,7,,Extra Time,False,True,False,True,True,Italy,Czechoslovakia,1,1,Win
36,1938,France,1938-06-04,First round,1,,Draw (after Extra Time),False,True,False,True,False,Germany,Switzerland,1,1,Draw
36,1938,France,1938-06-04,First round,1,,Draw (after Extra Time),False,True,False,True,False,Switzerland,Germany,1,1,Draw
37,1938,France,1938-06-05,First round,1,,Normal Time,False,False,False,True,False,Dutch East Indies,Hungary,0,6,Loss
37,1938,France,1938-06-05,First round,1,,Normal Time,False,False,False,True,False,Hungary,Dutch East Indies,6,0,Win
38,1938,France,1938-06-05,First round,1,,Normal Time,False,False,False,True,False,Belgium,France,1,3,Loss
38,1938,France,1938-06-05,First round,1,,Normal Time,False,False,False,True,False,France,Belgium,3,1,Win
39,1938,France,1938-06-05,First round,1,,Draw (after Extra Time),False,True,False,True,False,Cuba,Romania,2,2,Draw
39,1938,France,1938-06-05,First round,1,,Draw (after Extra Time),False,True,False,True,False,Romania,Cuba,2,2,Draw
40,1938,France,1938-06-05,First round,1,,Extra Time,False,True,False,True,False,Italy,Norway,1,1,Win
40,1938,France,1938-06-05,First round,1,,Extra Time,False,True,False,True,False,Norway,Italy,1,1,Loss
41,1938,France,1938-06-05,First round,1,,Extra Time,False,True,False,True,False,Brazil,Poland,4,4,Win
41,1938,France,1938-06-05,First round,1,,Extra Time,False,True,False,True,False,Poland,Brazil,4,4,Loss
42,1938,France,1938-06-05,First round,1,,Extra Time,False,True,False,True,True,Czechoslovakia,Netherlands,0,0,Win
42,1938,France,1938-06-05,First round,1,,Extra Time,False,True,False,True,True,Netherlands,Czechoslovakia,0,0,Loss
43,1938,France,1938-06-05,First round,1,,Walkover,True,False,False,False,False,Austria,Sweden,,,Loss
43,1938,France,1938-06-05,First round,1,,Walkover,True,False,False,False,False,Sweden,Austria,,,Win
44,1938,France,1938-06-09,"First round, Replays",1,,Normal Time,False,False,False,True,False,Cuba,Romania,2,1,Win
44,1938,France,1938-06-09,"First round, Replays",1,,Normal Time,False,False,False,True,False,Romania,Cuba,1,2,Loss
45,1938,France,1938-06-09,"First round, Replays",1,,Normal Time,False,False,False,True,False,Germany,Switzerland,2,4,Loss
45,1938,France,1938-06-09,"First round, Replays",1,,Normal Time,False,False,False,True,False,Switzerland,Germany,4,2,Win
46,1938,France,1938-06-12,Quarter-final,4,,Draw (after Extra Time),False,True,False,True,True,Brazil,Czechoslovakia,1,1,Draw
46,1938,France,1938-06-12,Quarter-final,4,,Draw (after Extra Time),False,True,False,True,True,Czechoslovakia,Brazil,1,1,Draw
47,1938,France,1938-06-12,Quarter-final,4,,Normal Time,False,False,False,True,False,Hungary,Switzerland,2,0,Win
47,1938,France,1938-06-12,Quarter-final,4,,Normal Time,False,False,False,True,False,Switzerland,Hungary,0,2,Loss
48,1938,France,1938-06-12,Quarter-final,4,,Normal Time,False,False,False,True,False,Cuba,Sweden,0,8,Loss
48,1938,France,1938-06-12,Quarter-final,4,,Normal Time,False,False,False,True,False,Sweden,Cuba,8,0,Win
49,1938,France,1938-06-12,Quarter-final,4,,Normal Time,False,False,False,True,False,France,Italy,1,3,Loss
49,1938,France,1938-06-12,Quarter-final,4,,Normal Time,False,False,False,True,False,Italy,France,3,1,Win
50,1938,France,1938-06-14,Quarter-final,4,,Normal Time,False,False,False,True,True,Brazil,Czechoslovakia,2,1,Win
50,1938,France,1938-06-14,Quarter-final,4,,Normal Time,False,False,False,True,True,Czechoslovakia,Brazil,1,2,Loss
51,1938,France,1938-06-16,Semi-final,5,,Normal Time,False,False,False,True,False,Hungary,Sweden,5,1,Win
51,1938,France,1938-06-16,Semi-final,5,,Normal Time,False,False,False,True,False,Sweden,Hungary,1,5,Loss
52,1938,France,1938-06-16,Semi-final,5,,Normal Time,False,False,False,True,False,Brazil,Italy,1,2,Loss
52,1938,France,1938-06-16,Semi-final,5,,Normal Time,False,False,False,True,False,Italy,Brazil,2,1,Win
53,1938,France,1938-06-19,Third Place Play-off,6,,Normal Time,False,False,False,True,False,Brazil,Sweden,4,2,Win
53,1938,France,1938-06-19,Third Place Play-off,6,,Normal Time,False,False,False,True,False,Sweden,Brazil,2,4,Loss
54,1938,France,1938-06-19,Final,7,,Normal Time,False,False,False,True,False,Hungary,Italy,2,4,Loss
54,1938,France,1938-06-19,Final,7,,Normal Time,False,False,False,True,False,Italy,Hungary,4,2,Win
55,1950,Brazil,1950-06-24,First round,1,Group 1,Normal Time,False,False,False,True,False,Brazil,Mexico,4,0,Win
55,1950,Brazil,1950-06-24,First round,1,Group 1,Normal Time,False,False,False,True,False,Mexico,Brazil,0,4,Loss
56,1950,Brazil,1950-06-25,First round,1,Group 1,Normal Time,False,False,False,True,True,Switzerland,Yugoslavia,0,3,Loss
56,1950,Brazil,1950-06-25,First round,1,Group 1,Normal Time,False,False,False,True,True,Yugoslavia,Switzerland,3,0,Win
57,1950,Brazil,1950-06-28,First round,1,Group 1,Draw,False,False,False,True,False,Brazil,Switzerland,2,2,Draw
57,1950,Brazil,1950-06-28,First round,1,Group 1,Draw,False,False,False,True,False,Switzerland,Brazil,2,2,Draw
58,1950,Brazil,1950-06-28,First round,1,Group 1,Normal Time,False,False,False,True,True,Mexico,Yugoslavia,1,4,Loss
58,1950,Brazil,1950-06-28,First round,1,Group 1,Normal Time,False,False,False,True,True,Yugoslavia,Mexico,4,1,Win
59,1950,Brazil,1950-07-01,First round,1,Group 1,Normal Time,False,False,False,True,True,Brazil,Yugoslavia,2,0,Win
59,1950,Brazil,1950-07-01,First round,1,Group 1,Normal Time,False,False,False,True,True,Yugoslavia,Brazil,0,2,Loss
60,1950,Brazil,1950-07-02,First round,1,Group 1,Normal Time,False,False,False,True,False,Mexico,Switzerland,1,2,Loss
60,1950,Brazil,1950-07-02,First round,1,Group 1,Normal Time,False,False,False,True,False,Switzerland,Mexico,2,1,Win
61,1950,Brazil,1950-06-25,First round,1,Group 2,Normal Time,False,False,False,False,False,Chile,England,0,2,Loss
61,1950,Brazil,1950-06-25,First round,1,Group 2,Normal Time,False,False,False,False,False,England,Chile,2,0,Win
62,1950,Brazil,1950-06-25,First round,1,Group 2,Normal Time,False,False,False,False,False,Spain,United States,3,1,Win
62,1950,Brazil,1950-06-25,First round,1,Group 2,Normal Time,False,False,False,False,False,United States,Spain,1,3,Loss
63,1950,Brazil,1950-06-29,First round,1,Group 2,Normal Time,False,False,False,False,False,Chile,Spain,0,2,Loss
63,1950,Brazil,1950-06-29,First round,1,Group 2,Normal Time,False,False,False,False,False,Spain,Chile,2,0,Win
64,1950,Brazil,1950-06-29,First round,1,Group 2,Normal Time,False,False,False,False,False,England,United States,0,1,Loss
64,1950,Brazil,1950-06-29,First round,1,Group 2,Normal Time,False,False,False,False,False,United States,England,1,0,Win
65,1950,Brazil,1950-07-02,First round,1,Group 2,Normal Time,False,False,False,False,False,England,Spain,0,1,Loss
65,1950,Brazil,1950-07-02,First round,1,Group 2,Normal Time,False,False,False,False,False,Spain,England,1,0,Win
66,1950,Brazil,1950-07-02,First round,1,Group 2,Normal Time,False,False,False,False,False,Chile,United States,5,2,Win
66,1950,Brazil,1950-07-02,First round,1,Group 2,Normal Time,False,False,False,False,False,United States,Chile,2,5,Loss
67,1950,Brazil,1950-06-25,First round,1,Group 3,Normal Time,False,False,False,False,False,Italy,Sweden,2,3,Loss
67,1950,Brazil,1950-06-25,First round,1,Group 3,Normal Time,False,False,False,False,False,Sweden,Italy,3,2,Win
68,1950,Brazil,1950-06-29,First round,1,Group 3,Draw,False,False,False,False,False,Paraguay,Sweden,2,2,Draw
68,1950,Brazil,1950-06-29,First round,1,Group 3,Draw,False,False,False,False,False,Sweden,Paraguay,2,2,Draw
69,1950,Brazil,1950-07-02,First round,1,Group 3,Normal Time,False,False,False,False,False,Italy,Paraguay,2,0,Win
69,1950,Brazil,1950-07-02,First round,1,Group 3,Normal Time,False,False,False,False,False,Paraguay,Italy,0,2,Loss
70,1950,Brazil,1950-07-02,First round,1,Group 4,Normal Time,False,False,False,False,False,Bolivia,Uruguay,0,8,Loss
70,1950,Brazil,1950-07-02,First round,1,Group 4,Normal Time,False,False,False,False,False,Uruguay,Bolivia,8,0,Win
71,1950,Brazil,1950-07-09,Final Round,2,,Draw,False,False,False,False,False,Spain,Uruguay,2,2,Draw
71,1950,Brazil,1950-07-09,Final Round,2,,Draw,False,False,False,False,False,Uruguay,Spain,2,2,Draw
72,1950,Brazil,1950-07-09,Final Round,2,,Normal Time,False,False,False,False,False,Brazil,Sweden,7,1,Win
72,1950,Brazil,1950-07-09,Final Round,2,,Normal Time,False,False,False,False,False,Sweden,Brazil,1,7,Loss
73,1950,Brazil,1950-07-13,Final Round,2,,Normal Time,False,False,False,False,False,Brazil,Spain,6,1,Win
73,1950,Brazil,1950-07-13,Final Round,2,,Normal Time,False,False,False,False,False,Spain,Brazil,1,6,Loss
74,1950,Brazil,1950-07-13,Final Round,2,,Normal Time,False,False,False,False,False,Sweden,Uruguay,2,3,Loss
74,1950,Brazil,1950-07-13,Final Round,2,,Normal Time,False,False,False,False,False,Uruguay,Sweden,3,2,Win
75,1950,Brazil,1950-07-16,Final Round,2,,Normal Time,False,False,False,False,False,Spain,Sweden,1,3,Loss
75,1950,Brazil,1950-07-16,Final Round,2,,Normal Time,False,False,False,False,False,Sweden,Spain,3,1,Win
76,1950,Brazil,1950-07-16,Final Round,2,,Normal Time,False,False,False,False,False,Brazil,Uruguay,1,2,Loss
76,1950,Brazil,1950-07-16,Final Round,2,,Normal Time,False,False,False,False,False,Uruguay,Brazil,2,1,Win
77,1954,Switzerland,1954-06-16,Group Stage,1,Group 1,Normal Time,False,False,False,False,False,Brazil,Mexico,5,0,Win
77,1954,Switzerland,1954-06-16,Group Stage,1,Group 1,Normal Time,False,False,False,False,False,Mexico,Brazil,0,5,Loss
78,1954,Switzerland,1954-06-16,Group Stage,1,Group 1,Normal Time,False,False,False,False,True,France,Yugoslavia,0,1,Loss
78,1954,Switzerland,1954-06-16,Group Stage,1,Group 1,Normal Time,False,False,False,False,True,Yugoslavia,France,1,0,Win
79,1954,Switzerland,1954-06-19,Group Stage,1,Group 1,Draw (after Extra Time),False,True,False,False,True,Brazil,Yugoslavia,1,1,Draw
79,1954,Switzerland,1954-06-19,Group Stage,1,Group 1,Draw (after Extra Time),False,True,False,False,True,Yugoslavia,Brazil,1,1,Draw
80,1954,Switzerland,1954-06-19,Group Stage,1,Group 1,Normal Time,False,False,False,False,False,France,Mexico,3,2,Win
80,1954,Switzerland,1954-06-19,Group Stage,1,Group 1,Normal Time,False,False,False,False,False,Mexico,France,2,3,Loss
81,1954,Switzerland,1954-06-17,Group Stage,1,Group 2,Normal Time,False,False,False,False,True,Turkey,West Germany,1,4,Loss
81,1954,Switzerland,1954-06-17,Group Stage,1,Group 2,Normal Time,False,False,False,False,True,West Germany,Turkey,4,1,Win
82,1954,Switzerland,1954-06-17,Group Stage,1,Group 2,Normal Time,False,False,False,False,False,Hungary,South Korea,9,0,Win
82,1954,Switzerland,1954-06-17,Group Stage,1,Group 2,Normal Time,False,False,False,False,False,South Korea,Hungary,0,9,Loss
83,1954,Switzerland,1954-06-20,Group Stage,1,Group 2,Normal Time,False,False,False,False,True,Hungary,West Germany,8,3,Win
83,1954,Switzerland,1954-06-20,Group Stage,1,Group 2,Normal Time,False,False,False,False,True,West Germany,Hungary,3,8,Loss
84,1954,Switzerland,1954-06-20,Group Stage,1,Group 2,Normal Time,False,False,False,False,False,South Korea,Turkey,0,7,Loss
84,1954,Switzerland,1954-06-20,Group Stage,1,Group 2,Normal Time,False,False,False,False,False,Turkey,South Korea,7,0,Win
85,1954,Switzerland,1954-06-23,Group Stage,1,,Normal Time,False,False,False,False,True,Turkey,West Germany,2,7,Loss
85,1954,Switzerland,1954-06-23,Group Stage,1,,Normal Time,False,False,False,False,True,West Germany,Turkey,7,2,Win
86,1954,Switzerland,1954-06-16,Group Stage,1,Group 3,Normal Time,False,False,False,False,True,Czechoslovakia,Uruguay,0,2,Loss
86,1954,Switzerland,1954-06-16,Group Stage,1,Group 3,Normal Time,False,False,False,False,True,Uruguay,Czechoslovakia,2,0,Win
87,1954,Switzerland,1954-06-16,Group Stage,1,Group 3,Normal Time,False,False,False,False,False,Austria,Scotland,1,0,Win
87,1954,Switzerland,1954-06-16,Group Stage,1,Group 3,Normal Time,False,False,False,False,False,Scotland,Austria,0,1,Loss
88,1954,Switzerland,1954-06-19,Group Stage,1,Group 3,Normal Time,False,False,False,False,True,Austria,Czechoslovakia,5,0,Win
88,1954,Switzerland,1954-06-19,Group Stage,1,Group 3,Normal Time,False,False,False,False,True,Czechoslovakia,Austria,0,5,Loss
89,1954,Switzerland,1954-06-19,Group Stage,1,Group 3,Normal Time,False,False,False,False,False,Scotland,Uruguay,0,7,Loss
89,1954,Switzerland,1954-06-19,Group Stage,1,Group 3,Normal Time,False,False,False,False,False,Uruguay,Scotland,7,0,Win
90,1954,Switzerland,1954-06-17,Group Stage,1,Group 4,Draw (after Extra Time),False,True,False,False,False,Belgium,England,3,3,Draw
90,1954,Switzerland,1954-06-17,Group Stage,1,Group 4,Draw (after Extra Time),False,True,False,False,False,England,Belgium,3,3,Draw
91,1954,Switzerland,1954-06-17,Group Stage,1,Group 4,Normal Time,False,False,False,False,False,Italy,Switzerland,1,2,Loss
91,1954,Switzerland,1954-06-17,Group Stage,1,Group 4,Normal Time,False,False,False,False,False,Switzerland,Italy,2,1,Win
92,1954,Switzerland,1954-06-20,Group Stage,1,Group 4,Normal Time,False,False,False,False,False,England,Switzerland,2,0,Win
92,1954,Switzerland,1954-06-20,Group Stage,1,Group 4,Normal Time,False,False,False,False,False,Switzerland,England,0,2,Loss
93,1954,Switzerland,1954-06-20,Group Stage,1,Group 4,Normal Time,False,False,False,False,False,Belgium,Italy,1,4,Loss
93,1954,Switzerland,1954-06-20,Group Stage,1,Group 4,Normal Time,False,False,False,False,False,Italy,Belgium,4,1,Win
94,1954,Switzerland,1954-06-23,Group Stage,1,,Normal Time,False,False,False,False,False,Italy,Switzerland,1,4,Loss
94,1954,Switzerland,1954-06-23,Group Stage,1,,Normal Time,False,False,False,False,False,Switzerland,Italy,4,1,Win
95,1954,Switzerland,1954-06-26,Quarter-final,4,,Normal Time,False,False,False,False,False,Austria,Switzerland,7,5,Win
95,1954,Switzerland,1954-06-26,Quarter-final,4,,Normal Time,False,False,False,False,False,Switzerland,Austria,5,7,Loss
96,1954,Switzerland,1954-06-26,Quarter-final,4,,Normal Time,False,False,False,False,False,England,Uruguay,2,4,Loss
96,1954,Switzerland,1954-06-26,Quarter-final,4,,Normal Time,False,False,False,False,False,Uruguay,England,4,2,Win
97,1954,Switzerland,1954-06-27,Quarter-final,4,,Normal Time,False,False,False,False,True,West Germany,Yugoslavia,2,0,Win
97,1954,Switzerland,1954-06-27,Quarter-final,4,,Normal Time,False,False,False,False,True,Yugoslavia,West Germany,0,2,Loss
98,1954,Switzerland,1954-06-27,Quarter-final,4,,Normal Time,False,False,False,False,False,Brazil,Hungary,2,4,Loss
98,1954,Switzerland,1954-06-27,Quarter-final,4,,Normal Time,False,False,False,False,False,Hungary,Brazil,4,2,Win
99,1954,Switzerland,1954-06-30,Semi-final,5,,Normal Time,False,False,False,False,True,Austria,West Germany,1,6,Loss
99,1954,Switzerland,1954-06-30,Semi-final,5,,Normal Time,False,False,False,False,True,West Germany,Austria,6,1,Win
100,1954,Switzerland,1954-06-30,Semi-final,5,,Extra Time,False,True,False,False,False,Hungary,Uruguay,2,2,Win
100,1954,Switzerland,1954-06-30,Semi-final,5,,Extra Time,False,True,False,False,False,Uruguay,Hungary,2,2,Loss
101,1954,Switzerland,1954-07-03,Third-place match,6,,Normal Time,False,False,False,False,False,Austria,Uruguay,3,1,Win
101,1954,Switzerland,1954-07-03,Third-place match,6,,Normal Time,False,False,False,False,False,Uruguay,Austria,1,3,Loss
102,1954,Switzerland,1954-07-04,Final,7,,Normal Time,False,False,False,False,True,Hungary,West Germany,2,3,Loss
102,1954,Switzerland,1954-07-04,Final,7,,Normal Time,False,False,False,False,True,West Germany,Hungary,3,2,Win
103,1958,Sweden,1958-06-08,Group Stage,1,Group 1,Normal Time,False,False,False,False,True,Argentina,West Germany,1,3,Loss
103,1958,Sweden,1958-06-08,Group Stage,1,Group 1,Normal Time,False,False,False,False,True,West Germany,Argentina,3,1,Win
104,1958,Sweden,1958-06-08,Group Stage,1,Group 1,Normal Time,False,False,False,False,True,Czechoslovakia,Northern Ireland,0,1,Loss
104,1958,Sweden,1958-06-08,Group Stage,1,Group 1,Normal Time,False,False,False,False,True,Northern Ireland,Czechoslovakia,1,0,Win
105,1958,Sweden,1958-06-11,Group Stage,1,Group 1,Normal Time,False,False,False,False,False,Argentina,Northern Ireland,3,1,Win
105,1958,Sweden,1958-06-11,Group Stage,1,Group 1,Normal Time,False,False,False,False,False,Northern Ireland,Argentina,1,3,Loss
106,1958,Sweden,1958-06-11,Group Stage,1,Group 1,Draw,False,False,False,False,True,Czechoslovakia,West Germany,2,2,Draw
106,1958,Sweden,1958-06-11,Group Stage,1,Group 1,Draw,False,False,False,False,True,West Germany,Czechoslovakia,2,2,Draw
107,1958,Sweden,1958-06-15,Group Stage,1,Group 1,Draw,False,False,False,False,True,Northern Ireland,West Germany,2,2,Draw
107,1958,Sweden,1958-06-15,Group Stage,1,Group 1,Draw,False,False,False,False,True,West Germany,Northern Ireland,2,2,Draw
108,1958,Sweden,1958-06-15,Group Stage,1,Group 1,Normal Time,False,False,False,False,True,Argentina,Czechoslovakia,1,6,Loss
108,1958,Sweden,1958-06-15,Group Stage,1,Group 1,Normal Time,False,False,False,False,True,Czechoslovakia,Argentina,6,1,Win
109,1958,Sweden,1958-06-17,Group Stage,1,,Extra Time,False,True,False,False,True,Czechoslovakia,Northern Ireland,1,1,Loss
109,1958,Sweden,1958-06-17,Group Stage,1,,Extra Time,False,True,False,False,True,Northern Ireland,Czechoslovakia,1,1,Win
110,1958,Sweden,1958-06-08,Group Stage,1,Group 2,Normal Time,False,False,False,False,False,France,Paraguay,7,3,Win
110,1958,Sweden,1958-06-08,Group Stage,1,Group 2,Normal Time,False,False,False,False,False,Paraguay,France,3,7,Loss
111,1958,Sweden,1958-06-08,Group Stage,1,Group 2,Draw,False,False,False,False,True,Scotland,Yugoslavia,1,1,Draw
111,1958,Sweden,1958-06-08,Group Stage,1,Group 2,Draw,False,False,False,False,True,Yugoslavia,Scotland,1,1,Draw
112,1958,Sweden,1958-06-11,Group Stage,1,Group 2,Normal Time,False,False,False,False,True,France,Yugoslavia,2,3,Loss
112,1958,Sweden,1958-06-11,Group Stage,1,Group 2,Normal Time,False,False,False,False,True,Yugoslavia,France,3,2,Win
113,1958,Sweden,1958-06-11,Group Stage,1,Group 2,Normal Time,False,False,False,False,False,Paraguay,Scotland,3,2,Win
113,1958,Sweden,1958-06-11,Group Stage,1,Group 2,Normal Time,False,False,False,False,False,Scotland,Paraguay,2,3,Loss
114,1958,Sweden,1958-06-15,Group Stage,1,Group 2,Normal Time,False,False,False,False,False,France,Scotland,2,1,Win
114,1958,Sweden,1958-06-15,Group Stage,1,Group 2,Normal Time,False,False,False,False,False,Scotland,France,1,2,Loss
115,1958,Sweden,1958-06-15,Group Stage,1,Group 2,Draw,False,False,False,False,True,Paraguay,Yugoslavia,3,3,Draw
115,1958,Sweden,1958-06-15,Group Stage,1,Group 2,Draw,False,False,False,False,True,Yugoslavia,Paraguay,3,3,Draw
116,1958,Sweden,1958-06-08,Group Stage,1,Group 3,Normal Time,False,False,False,False,False,Mexico,Sweden,0,3,Loss
116,1958,Sweden,1958-06-08,Group Stage,1,Group 3,Normal Time,False,False,False,False,False,Sweden,Mexico,3,0,Win
117,1958,Sweden,1958-06-08,Group Stage,1,Group 3,Draw,False,False,False,False,False,Hungary,Wales,1,1,Draw
117,1958,Sweden,1958-06-08,Group Stage,1,Group 3,Draw,False,False,False,False,False,Wales,Hungary,1,1,Draw
118,1958,Sweden,1958-06-11,Group Stage,1,Group 3,Draw,False,False,False,False,False,Mexico,Wales,1,1,Draw
118,1958,Sweden,1958-06-11,Group Stage,1,Group 3,Draw,False,False,False,False,False,Wales,Mexico,1,1,Draw
119,1958,Sweden,1958-06-12,Group Stage,1,Group 3,Normal Time,False,False,False,False,False,Hungary,Sweden,1,2,Loss
119,1958,Sweden,1958-06-12,Group Stage,1,Group 3,Normal Time,False,False,False,False,False,Sweden,Hungary,2,1,Win
120,1958,Sweden,1958-06-15,Group Stage,1,Group 3,Draw,False,False,False,False,False,Sweden,Wales,0,0,Draw
120,1958,Sweden,1958-06-15,Group Stage,1,Group 3,Draw,False,False,False,False,False,Wales,Sweden,0,0,Draw
121,1958,Sweden,1958-06-15,Group Stage,1,Group 3,Normal Time,False,False,False,False,False,Hungary,Mexico,4,0,Win
121,1958,Sweden,1958-06-15,Group Stage,1,Group 3,Normal Time,False,False,False,False,False,Mexico,Hungary,0,4,Loss
122,1958,Sweden,1958-06-17,Group Stage,1,,Normal Time,False,False,False,False,False,Hungary,Wales,1,2,Loss
122,1958,Sweden,1958-06-17,Group Stage,1,,Normal Time,False,False,False,False,False,Wales,Hungary,2,1,Win
123,1958,Sweden,1958-06-08,Group Stage,1,Group 4,Normal Time,False,False,False,False,False,Austria,Brazil,0,3,Loss
123,1958,Sweden,1958-06-08,Group Stage,1,Group 4,Normal Time,False,False,False,False,False,Brazil,Austria,3,0,Win
124,1958,Sweden,1958-06-08,Group Stage,1,Group 4,Draw,False,False,False,False,True,England,Soviet Union,2,2,Draw
124,1958,Sweden,1958-06-08,Group Stage,1,Group 4,Draw,False,False,False,False,True,Soviet Union,England,2,2,Draw
125,1958,Sweden,1958-06-11,Group Stage,1,Group 4,Draw,False,False,False,False,False,Brazil,England,0,0,Draw
125,1958,Sweden,1958-06-11,Group Stage,1,Group 4,Draw,False,False,False,False,False,England,Brazil,0,0,Draw
126,1958,Sweden,1958-06-11,Group Stage,1,Group 4,Normal Time,False,False,False,False,True,Austria,Soviet Union,0,2,Loss
126,1958,Sweden,1958-06-11,Group Stage,1,Group 4,Normal Time,False,False,False,False,True,Soviet Union,Austria,2,0,Win
127,1958,Sweden,1958-06-15,Group Stage,1,Group 4,Draw,False,False,False,False,False,Austria,England,2,2,Draw
127,1958,Sweden,1958-06-15,Group Stage,1,Group 4,Draw,False,False,False,False,False,England,Austria,2,2,Draw
128,1958,Sweden,1958-06-15,Group Stage,1,Group 4,Normal Time,False,False,False,False,True,Brazil,Soviet Union,2,0,Win
128,1958,Sweden,1958-06-15,Group Stage,1,Group 4,Normal Time,False,False,False,False,True,Soviet Union,Brazil,0,2,Loss
129,1958,Sweden,1958-06-17,Group Stage,1,,Normal Time,False,False,False,False,True,England,Soviet Union,0,1,Loss
129,1958,Sweden,1958-06-17,Group Stage,1,,Normal Time,False,False,False,False,True,Soviet Union,England,1,0,Win
130,1958,Sweden,1958-06-19,Quarter-final,4,,Normal Time,False,False,False,False,False,France,Northern Ireland,4,0,Win
130,1958,Sweden,1958-06-19,Quarter-final,4,,Normal Time,False,False,False,False,False,Northern Ireland,France,0,4,Loss
131,1958,Sweden,1958-06-19,Quarter-final,4,,Normal Time,False,False,False,False,True,Soviet Union,Sweden,0,2,Loss
131,1958,Sweden,1958-06-19,Quarter-final,4,,Normal Time,False,False,False,False,True,Sweden,Soviet Union,2,0,Win
132,1958,Sweden,1958-06-19,Quarter-final,4,,Normal Time,False,False,False,False,False,Brazil,Wales,1,0,Win
132,1958,Sweden,1958-06-19,Quarter-final,4,,Normal Time,False,False,False,False,False,Wales,Brazil,0,1,Loss
133,1958,Sweden,1958-06-19,Quarter-final,4,,Normal Time,False,False,False,False,True,West Germany,Yugoslavia,1,0,Win
133,1958,Sweden,1958-06-19,Quarter-final,4,,Normal Time,False,False,False,False,True,Yugoslavia,West Germany,0,1,Loss
134,1958,Sweden,1958-06-24,Semi-final,5,,Normal Time,False,False,False,False,False,Brazil,France,5,2,Win
134,1958,Sweden,1958-06-24,Semi-final,5,,Normal Time,False,False,False,False,False,France,Brazil,2,5,Loss
135,1958,Sweden,1958-06-24,Semi-final,5,,Normal Time,False,False,False,False,True,Sweden,West Germany,3,1,Win
135,1958,Sweden,1958-06-24,Semi-final,5,,Normal Time,False,False,False,False,True,West Germany,Sweden,1,3,Loss
136,1958,Sweden,1958-06-28,Third Place Play-off,6,,Normal Time,False,False,False,False,True,France,West Germany,6,3,Win
136,1958,Sweden,1958-06-28,Third Place Play-off,6,,Normal Time,False,False,False,False,True,West Germany,France,3,6,Loss
137,1958,Sweden,1958-06-29,Final,7,,Normal Time,False,False,False,False,False,Brazil,Sweden,5,2,Win
137,1958,Sweden,1958-06-29,Final,7,,Normal Time,False,False,False,False,False,Sweden,Brazil,2,5,Loss
138,1962,Chile,1962-05-30,Group Stage,1,Group 1,Normal Time,False,False,False,False,False,Colombia,Uruguay,1,2,Loss
138,1962,Chile,1962-05-30,Group Stage,1,Group 1,Normal Time,False,False,False,False,False,Uruguay,Colombia,2,1,Win
139,1962,Chile,1962-05-31,Group Stage,1,Group 1,Normal Time,False,False,False,False,True,Soviet Union,Yugoslavia,2,0,Win
139,1962,Chile,1962-05-31,Group Stage,1,Group 1,Normal Time,False,False,False,False,True,Yugoslavia,Soviet Union,0,2,Loss
140,1962,Chile,1962-06-02,Group Stage,1,Group 1,Normal Time,False,False,False,False,True,Uruguay,Yugoslavia,1,3,Loss
140,1962,Chile,1962-06-02,Group Stage,1,Group 1,Normal Time,False,False,False,False,True,Yugoslavia,Uruguay,3,1,Win
141,1962,Chile,1962-06-03,Group Stage,1,Group 1,Draw,False,False,False,False,True,Colombia,Soviet Union,4,4,Draw
141,1962,Chile,1962-06-03,Group Stage,1,Group 1,Draw,False,False,False,False,True,Soviet Union,Colombia,4,4,Draw
142,1962,Chile,1962-06-06,Group Stage,1,Group 1,Normal Time,False,False,False,False,True,Soviet Union,Uruguay,2,1,Win
142,1962,Chile,1962-06-06,Group Stage,1,Group 1,Normal Time,False,False,False,False,True,Uruguay,Soviet Union,1,2,Loss
143,1962,Chile,1962-06-07,Group Stage,1,Group 1,Normal Time,False,False,False,False,True,Colombia,Yugoslavia,0,5,Loss
143,1962,Chile,1962-06-07,Group Stage,1,Group 1,Normal Time,False,False,False,False,True,Yugoslavia,Colombia,5,0,Win
144,1962,Chile,1962-05-30,Group Stage,1,Group 2,Normal Time,False,False,False,False,False,Chile,Switzerland,3,1,Win
144,1962,Chile,1962-05-30,Group Stage,1,Group 2,Normal Time,False,False,False,False,False,Switzerland,Chile,1,3,Loss
145,1962,Chile,1962-05-31,Group Stage,1,Group 2,Draw,False,False,False,False,True,Italy,West Germany,0,0,Draw
145,1962,Chile,1962-05-31,Group Stage,1,Group 2,Draw,False,False,False,False,True,West Germany,Italy,0,0,Draw
146,1962,Chile,1962-06-02,Group Stage,1,Group 2,Normal Time,False,False,False,False,False,Chile,Italy,2,0,Win
146,1962,Chile,1962-06-02,Group Stage,1,Group 2,Normal Time,False,False,False,False,False,Italy,Chile,0,2,Loss
147,1962,Chile,1962-06-03,Group Stage,1,Group 2,Normal Time,False,False,False,False,True,Switzerland,West Germany,1,2,Loss
147,1962,Chile,1962-06-03,Group Stage,1,Group 2,Normal Time,False,False,False,False,True,West Germany,Switzerland,2,1,Win
148,1962,Chile,1962-06-06,Group Stage,1,Group 2,Normal Time,False,False,False,False,True,Chile,West Germany,0,2,Loss
148,1962,Chile,1962-06-06,Group Stage,1,Group 2,Normal Time,False,False,False,False,True,West Germany,Chile,2,0,Win
149,1962,Chile,1962-06-07,Group Stage,1,Group 2,Normal Time,False,False,False,False,False,Italy,Switzerland,3,0,Win
149,1962,Chile,1962-06-07,Group Stage,1,Group 2,Normal Time,False,False,False,False,False,Switzerland,Italy,0,3,Loss
150,1962,Chile,1962-05-30,Group Stage,1,Group 3,Normal Time,False,False,False,False,False,Brazil,Mexico,2,0,Win
150,1962,Chile,1962-05-30,Group Stage,1,Group 3,Normal Time,False,False,False,False,False,Mexico,Brazil,0,2,Loss
151,1962,Chile,1962-05-31,Group Stage,1,Group 3,Normal Time,False,False,False,False,True,Czechoslovakia,Spain,1,0,Win
151,1962,Chile,1962-05-31,Group Stage,1,Group 3,Normal Time,False,False,False,False,True,Spain,Czechoslovakia,0,1,Loss
152,1962,Chile,1962-06-02,Group Stage,1,Group 3,Draw,False,False,False,False,True,Brazil,Czechoslovakia,0,0,Draw
152,1962,Chile,1962-06-02,Group Stage,1,Group 3,Draw,False,False,False,False,True,Czechoslovakia,Brazil,0,0,Draw
153,1962,Chile,1962-06-03,Group Stage,1,Group 3,Normal Time,False,False,False,False,False,Mexico,Spain,0,1,Loss
153,1962,Chile,1962-06-03,Group Stage,1,Group 3,Normal Time,False,False,False,False,False,Spain,Mexico,1,0,Win
154,1962,Chile,1962-06-06,Group Stage,1,Group 3,Normal Time,False,False,False,False,False,Brazil,Spain,2,1,Win
154,1962,Chile,1962-06-06,Group Stage,1,Group 3,Normal Time,False,False,False,False,False,Spain,Brazil,1,2,Loss
155,1962,Chile,1962-06-07,Group Stage,1,Group 3,Normal Time,False,False,False,False,True,Czechoslovakia,Mexico,1,3,Loss
155,1962,Chile,1962-06-07,Group Stage,1,Group 3,Normal Time,False,False,False,False,True,Mexico,Czechoslovakia,3,1,Win
156,1962,Chile,1962-05-30,Group Stage,1,Group 4,Normal Time,False,False,False,False,False,Argentina,Bulgaria,1,0,Win
156,1962,Chile,1962-05-30,Group Stage,1,Group 4,Normal Time,False,False,False,False,False,Bulgaria,Argentina,0,1,Loss
157,1962,Chile,1962-05-31,Group Stage,1,Group 4,Normal Time,False,False,False,False,False,England,Hungary,1,2,Loss
157,1962,Chile,1962-05-31,Group Stage,1,Group 4,Normal Time,False,False,False,False,False,Hungary,England,2,1,Win
158,1962,Chile,1962-06-02,Group Stage,1,Group 4,Normal Time,False,False,False,False,False,Argentina,England,1,3,Loss
158,1962,Chile,1962-06-02,Group Stage,1,Group 4,Normal Time,False,False,False,False,False,England,Argentina,3,1,Win
159,1962,Chile,1962-06-03,Group Stage,1,Group 4,Normal Time,False,False,False,False,False,Bulgaria,Hungary,1,6,Loss
159,1962,Chile,1962-06-03,Group Stage,1,Group 4,Normal Time,False,False,False,False,False,Hungary,Bulgaria,6,1,Win
160,1962,Chile,1962-06-06,Group Stage,1,Group 4,Draw,False,False,False,False,False,Argentina,Hungary,0,0,Draw
160,1962,Chile,1962-06-06,Group Stage,1,Group 4,Draw,False,False,False,False,False,Hungary,Argentina,0,0,Draw
161,1962,Chile,1962-06-07,Group Stage,1,Group 4,Draw,False,False,False,False,False,Bulgaria,England,0,0,Draw
161,1962,Chile,1962-06-07,Group Stage,1,Group 4,Draw,False,False,False,False,False,England,Bulgaria,0,0,Draw
162,1962,Chile,1962-06-10,Quarter-final,4,,Normal Time,False,False,False,False,True,Chile,Soviet Union,2,1,Win
162,1962,Chile,1962-06-10,Quarter-final,4,,Normal Time,False,False,False,False,True,Soviet Union,Chile,1,2,Loss
163,1962,Chile,1962-06-10,Quarter-final,4,,Normal Time,False,False,False,False,True,West Germany,Yugoslavia,0,1,Loss
163,1962,Chile,1962-06-10,Quarter-final,4,,Normal Time,False,False,False,False,True,Yugoslavia,West Germany,1,0,Win
164,1962,Chile,1962-06-10,Quarter-final,4,,Normal Time,False,False,False,False,False,Brazil,England,3,1,Win
164,1962,Chile,1962-06-10,Quarter-final,4,,Normal Time,False,False,False,False,False,England,Brazil,1,3,Loss
165,1962,Chile,1962-06-10,Quarter-final,4,,Normal Time,False,False,False,False,True,Czechoslovakia,Hungary,1,0,Win
165,1962,Chile,1962-06-10,Quarter-final,4,,Normal Time,False,False,False,False,True,Hungary,Czechoslovakia,0,1,Loss
166,1962,Chile,1962-06-13,Semi-final,5,,Normal Time,False,False,False,False,False,Brazil,Chile,4,2,Win
166,1962,Chile,1962-06-13,Semi-final,5,,Normal Time,False,False,False,False,False,Chile,Brazil,2,4,Loss
167,1962,Chile,1962-06-13,Semi-final,5,,Normal Time,False,False,False,False,True,Czechoslovakia,Yugoslavia,3,1,Win
167,1962,Chile,1962-06-13,Semi-final,5,,Normal Time,False,False,False,False,True,Yugoslavia,Czechoslovakia,1,3,Loss
168,1962,Chile,1962-06-16,Third-place match,6,,Normal Time,False,False,False,False,True,Chile,Yugoslavia,1,0,Win
168,1962,Chile,1962-06-16,Third-place match,6,,Normal Time,False,False,False,False,True,Yugoslavia,Chile,0,1,Loss
169,1962,Chile,1962-06-17,Final,7,,Normal Time,False,False,False,False,True,Brazil,Czechoslovakia,3,1,Win
169,1962,Chile,1962-06-17,Final,7,,Normal Time,False,False,False,False,True,Czechoslovakia,Brazil,1,3,Loss
170,1966,England,1966-07-11,Group Stage,1,Group 1,Draw,False,False,False,False,False,England,Uruguay,0,0,Draw
170,1966,England,1966-07-11,Group Stage,1,Group 1,Draw,False,False,False,False,False,Uruguay,England,0,0,Draw
171,1966,England,1966-07-13,Group Stage,1,Group 1,Draw,False,False,False,False,False,France,Mexico,1,1,Draw
171,1966,England,1966-07-13,Group Stage,1,Group 1,Draw,False,False,False,False,False,Mexico,France,1,1,Draw
172,1966,England,1966-07-15,Group Stage,1,Group 1,Normal Time,False,False,False,False,False,France,Uruguay,1,2,Loss
172,1966,England,1966-07-15,Group Stage,1,Group 1,Normal Time,False,False,False,False,False,Uruguay,France,2,1,Win
173,1966,England,1966-07-16,Group Stage,1,Group 1,Normal Time,False,False,False,False,False,England,Mexico,2,0,Win
173,1966,England,1966-07-16,Group Stage,1,Group 1,Normal Time,False,False,False,False,False,Mexico,England,0,2,Loss
174,1966,England,1966-07-19,Group Stage,1,Group 1,Draw,False,False,False,False,False,Mexico,Uruguay,0,0,Draw
174,1966,England,1966-07-19,Group Stage,1,Group 1,Draw,False,False,False,False,False,Uruguay,Mexico,0,0,Draw
175,1966,England,1966-07-20,Group Stage,1,Group 1,Normal Time,False,False,False,False,False,England,France,2,0,Win
175,1966,England,1966-07-20,Group Stage,1,Group 1,Normal Time,False,False,False,False,False,France,England,0,2,Loss
176,1966,England,1966-07-12,Group Stage,1,Group 2,Normal Time,False,False,False,False,True,Switzerland,West Germany,0,5,Loss
176,1966,England,1966-07-12,Group Stage,1,Group 2,Normal Time,False,False,False,False,True,West Germany,Switzerland,5,0,Win
177,1966,England,1966-07-13,Group Stage,1,Group 2,Normal Time,False,False,False,False,False,Argentina,Spain,2,1,Win
177,1966,England,1966-07-13,Group Stage,1,Group 2,Normal Time,False,False,False,False,False,Spain,Argentina,1,2,Loss
178,1966,England,1966-07-15,Group Stage,1,Group 2,Normal Time,False,False,False,False,False,Spain,Switzerland,2,1,Win
178,1966,England,1966-07-15,Group Stage,1,Group 2,Normal Time,False,False,False,False,False,Switzerland,Spain,1,2,Loss
179,1966,England,1966-07-16,Group Stage,1,Group 2,Draw,False,False,False,False,True,Argentina,West Germany,0,0,Draw
179,1966,England,1966-07-16,Group Stage,1,Group 2,Draw,False,False,False,False,True,West Germany,Argentina,0,0,Draw
180,1966,England,1966-07-19,Group Stage,1,Group 2,Normal Time,False,False,False,False,False,Argentina,Switzerland,2,0,Win
180,1966,England,1966-07-19,Group Stage,1,Group 2,Normal Time,False,False,False,False,False,Switzerland,Argentina,0,2,Loss
181,1966,England,1966-07-20,Group Stage,1,Group 2,Normal Time,False,False,False,False,True,Spain,West Germany,1,2,Loss
181,1966,England,1966-07-20,Group Stage,1,Group 2,Normal Time,False,False,False,False,True,West Germany,Spain,2,1,Win
182,1966,England,1966-07-12,Group Stage,1,Group 3,Normal Time,False,False,False,False,False,Brazil,Bulgaria,2,0,Win
182,1966,England,1966-07-12,Group Stage,1,Group 3,Normal Time,False,False,False,False,False,Bulgaria,Brazil,0,2,Loss
183,1966,England,1966-07-13,Group Stage,1,Group 3,Normal Time,False,False,False,False,False,Hungary,Portugal,1,3,Loss
183,1966,England,1966-07-13,Group Stage,1,Group 3,Normal Time,False,False,False,False,False,Portugal,Hungary,3,1,Win
184,1966,England,1966-07-15,Group Stage,1,Group 3,Normal Time,False,False,False,False,False,Brazil,Hungary,1,3,Loss
184,1966,England,1966-07-15,Group Stage,1,Group 3,Normal Time,False,False,False,False,False,Hungary,Brazil,3,1,Win
185,1966,England,1966-07-16,Group Stage,1,Group 3,Normal Time,False,False,False,False,False,Bulgaria,Portugal,0,3,Loss
185,1966,England,1966-07-16,Group Stage,1,Group 3,Normal Time,False,False,False,False,False,Portugal,Bulgaria,3,0,Win
186,1966,England,1966-07-19,Group Stage,1,Group 3,Normal Time,False,False,False,False,False,Brazil,Portugal,1,3,Loss
186,1966,England,1966-07-19,Group Stage,1,Group 3,Normal Time,False,False,False,False,False,Portugal,Brazil,3,1,Win
187,1966,England,1966-07-20,Group Stage,1,Group 3,Normal Time,False,False,False,False,False,Bulgaria,Hungary,1,3,Loss
187,1966,England,1966-07-20,Group Stage,1,Group 3,Normal Time,False,False,False,False,False,Hungary,Bulgaria,3,1,Win
188,1966,England,1966-07-12,Group Stage,1,Group 4,Normal Time,False,False,False,False,True,North Korea,Soviet Union,0,3,Loss
188,1966,England,1966-07-12,Group Stage,1,Group 4,Normal Time,False,False,False,False,True,Soviet Union,North Korea,3,0,Win
189,1966,England,1966-07-13,Group Stage,1,Group 4,Normal Time,False,False,False,False,False,Chile,Italy,0,2,Loss
189,1966,England,1966-07-13,Group Stage,1,Group 4,Normal Time,False,False,False,False,False,Italy,Chile,2,0,Win
190,1966,England,1966-07-15,Group Stage,1,Group 4,Draw,False,False,False,False,False,Chile,North Korea,1,1,Draw
190,1966,England,1966-07-15,Group Stage,1,Group 4,Draw,False,False,False,False,False,North Korea,Chile,1,1,Draw
191,1966,England,1966-07-16,Group Stage,1,Group 4,Normal Time,False,False,False,False,True,Italy,Soviet Union,0,1,Loss
191,1966,England,1966-07-16,Group Stage,1,Group 4,Normal Time,False,False,False,False,True,Soviet Union,Italy,1,0,Win
192,1966,England,1966-07-19,Group Stage,1,Group 4,Normal Time,False,False,False,False,False,Italy,North Korea,0,1,Loss
192,1966,England,1966-07-19,Group Stage,1,Group 4,Normal Time,False,False,False,False,False,North Korea,Italy,1,0,Win
193,1966,England,1966-07-20,Group Stage,1,Group 4,Normal Time,False,False,False,False,True,Chile,Soviet Union,1,2,Loss
193,1966,England,1966-07-20,Group Stage,1,Group 4,Normal Time,False,False,False,False,True,Soviet Union,Chile,2,1,Win
194,1966,England,1966-07-23,Quarter-final,4,,Normal Time,False,False,False,False,False,Argentina,England,0,1,Loss
194,1966,England,1966-07-23,Quarter-final,4,,Normal Time,False,False,False,False,False,England,Argentina,1,0,Win
195,1966,England,1966-07-23,Quarter-final,4,,Normal Time,False,False,False,False,True,Uruguay,West Germany,0,4,Loss
195,1966,England,1966-07-23,Quarter-final,4,,Normal Time,False,False,False,False,True,West Germany,Uruguay,4,0,Win
196,1966,England,1966-07-23,Quarter-final,4,,Normal Time,False,False,False,False,True,Hungary,Soviet Union,1,2,Loss
196,1966,England,1966-07-23,Quarter-final,4,,Normal Time,False,False,False,False,True,Soviet Union,Hungary,2,1,Win
197,1966,England,1966-07-23,Quarter-final,4,,Normal Time,False,False,False,False,False,North Korea,Portugal,3,5,Loss
197,1966,England,1966-07-23,Quarter-final,4,,Normal Time,False,False,False,False,False,Portugal,North Korea,5,3,Win
198,1966,England,1966-07-25,Semi-final,5,,Normal Time,False,False,False,False,True,Soviet Union,West Germany,1,2,Loss
198,1966,England,1966-07-25,Semi-final,5,,Normal Time,False,False,False,False,True,West Germany,Soviet Union,2,1,Win
199,1966,England,1966-07-26,Semi-final,5,,Normal Time,False,False,False,False,False,England,Portugal,2,1,Win
199,1966,England,1966-07-26,Semi-final,5,,Normal Time,False,False,False,False,False,Portugal,England,1,2,Loss
200,1966,England,1966-07-28,Third-place match,6,,Normal Time,False,False,False,False,True,Portugal,Soviet Union,2,1,Win
200,1966,England,1966-07-28,Third-place match,6,,Normal Time,False,False,False,False,True,Soviet Union,Portugal,1,2,Loss
201,1966,England,1966-07-30,Final,7,,Extra Time,False,True,False,False,True,England,West Germany,2,2,Win
201,1966,England,1966-07-30,Final,7,,Extra Time,False,True,False,False,True,West Germany,England,2,2,Loss
202,1970,Mexico,1970-05-31,Group Stage,1,Group 1,Draw,False,False,False,False,True,Mexico,Soviet Union,0,0,Draw
202,1970,Mexico,1970-05-31,Group Stage,1,Group 1,Draw,False,False,False,False,True,Soviet Union,Mexico,0,0,Draw
203,1970,Mexico,1970-06-03,Group Stage,1,Group 1,Normal Time,False,False,False,False,False,Belgium,El Salvador,3,0,Win
203,1970,Mexico,1970-06-03,Group Stage,1,Group 1,Normal Time,False,False,False,False,False,El Salvador,Belgium,0,3,Loss
204,1970,Mexico,1970-06-06,Group Stage,1,Group 1,Normal Time,False,False,False,False,True,Belgium,Soviet Union,1,4,Loss
204,1970,Mexico,1970-06-06,Group Stage,1,Group 1,Normal Time,False,False,False,False,True,Soviet Union,Belgium,4,1,Win
205,1970,Mexico,1970-06-07,Group Stage,1,Group 1,Normal Time,False,False,False,False,False,El Salvador,Mexico,0,4,Loss
205,1970,Mexico,1970-06-07,Group Stage,1,Group 1,Normal Time,False,False,False,False,False,Mexico,El Salvador,4,0,Win
206,1970,Mexico,1970-06-10,Group Stage,1,Group 1,Normal Time,False,False,False,False,True,El Salvador,Soviet Union,0,2,Loss
206,1970,Mexico,1970-06-10,Group Stage,1,Group 1,Normal Time,False,False,False,False,True,Soviet Union,El Salvador,2,0,Win
207,1970,Mexico,1970-06-11,Group Stage,1,Group 1,Normal Time,False,False,False,False,False,Belgium,Mexico,0,1,Loss
207,1970,Mexico,1970-06-11,Group Stage,1,Group 1,Normal Time,False,False,False,False,False,Mexico,Belgium,1,0,Win
208,1970,Mexico,1970-06-02,Group Stage,1,Group 2,Normal Time,False,False,False,False,False,Israel,Uruguay,0,2,Loss
208,1970,Mexico,1970-06-02,Group Stage,1,Group 2,Normal Time,False,False,False,False,False,Uruguay,Israel,2,0,Win
209,1970,Mexico,1970-06-03,Group Stage,1,Group 2,Normal Time,False,False,False,False,False,Italy,Sweden,1,0,Win
209,1970,Mexico,1970-06-03,Group Stage,1,Group 2,Normal Time,False,False,False,False,False,Sweden,Italy,0,1,Loss
210,1970,Mexico,1970-06-06,Group Stage,1,Group 2,Draw,False,False,False,False,False,Italy,Uruguay,0,0,Draw
210,1970,Mexico,1970-06-06,Group Stage,1,Group 2,Draw,False,False,False,False,False,Uruguay,Italy,0,0,Draw
211,1970,Mexico,1970-06-07,Group Stage,1,Group 2,Draw,False,False,False,False,False,Israel,Sweden,1,1,Draw
211,1970,Mexico,1970-06-07,Group Stage,1,Group 2,Draw,False,False,False,False,False,Sweden,Israel,1,1,Draw
212,1970,Mexico,1970-06-10,Group Stage,1,Group 2,Normal Time,False,False,False,False,False,Sweden,Uruguay,1,0,Win
212,1970,Mexico,1970-06-10,Group Stage,1,Group 2,Normal Time,False,False,False,False,False,Uruguay,Sweden,0,1,Loss
213,1970,Mexico,1970-06-11,Group Stage,1,Group 2,Draw,False,False,False,False,False,Israel,Italy,0,0,Draw
213,1970,Mexico,1970-06-11,Group Stage,1,Group 2,Draw,False,False,False,False,False,Italy,Israel,0,0,Draw
214,1970,Mexico,1970-06-02,Group Stage,1,Group 3,Normal Time,False,False,False,False,False,England,Romania,1,0,Win
214,1970,Mexico,1970-06-02,Group Stage,1,Group 3,Normal Time,False,False,False,False,False,Romania,England,0,1,Loss
215,1970,Mexico,1970-06-03,Group Stage,1,Group 3,Normal Time,False,False,False,False,True,Brazil,Czechoslovakia,4,1,Win
215,1970,Mexico,1970-06-03,Group Stage,1,Group 3,Normal Time,False,False,False,False,True,Czechoslovakia,Brazil,1,4,Loss
216,1970,Mexico,1970-06-06,Group Stage,1,Group 3,Normal Time,False,False,False,False,True,Czechoslovakia,Romania,1,2,Loss
216,1970,Mexico,1970-06-06,Group Stage,1,Group 3,Normal Time,False,False,False,False,True,Romania,Czechoslovakia,2,1,Win
217,1970,Mexico,1970-06-07,Group Stage,1,Group 3,Normal Time,False,False,False,False,False,Brazil,England,1,0,Win
217,1970,Mexico,1970-06-07,Group Stage,1,Group 3,Normal Time,False,False,False,False,False,England,Brazil,0,1,Loss
218,1970,Mexico,1970-06-10,Group Stage,1,Group 3,Normal Time,False,False,False,False,False,Brazil,Romania,3,2,Win
218,1970,Mexico,1970-06-10,Group Stage,1,Group 3,Normal Time,False,False,False,False,False,Romania,Brazil,2,3,Loss
219,1970,Mexico,1970-06-11,Group Stage,1,Group 3,Normal Time,False,False,False,False,True,Czechoslovakia,England,0,1,Loss
219,1970,Mexico,1970-06-11,Group Stage,1,Group 3,Normal Time,False,False,False,False,True,England,Czechoslovakia,1,0,Win
220,1970,Mexico,1970-06-02,Group Stage,1,Group 4,Normal Time,False,False,False,False,False,Bulgaria,Peru,2,3,Loss
220,1970,Mexico,1970-06-02,Group Stage,1,Group 4,Normal Time,False,False,False,False,False,Peru,Bulgaria,3,2,Win
221,1970,Mexico,1970-06-03,Group Stage,1,Group 4,Normal Time,False,False,False,False,True,Morocco,West Germany,1,2,Loss
221,1970,Mexico,1970-06-03,Group Stage,1,Group 4,Normal Time,False,False,False,False,True,West Germany,Morocco,2,1,Win
222,1970,Mexico,1970-06-06,Group Stage,1,Group 4,Normal Time,False,False,False,False,False,Morocco,Peru,0,3,Loss
222,1970,Mexico,1970-06-06,Group Stage,1,Group 4,Normal Time,False,False,False,False,False,Peru,Morocco,3,0,Win
223,1970,Mexico,1970-06-07,Group Stage,1,Group 4,Normal Time,False,False,False,False,True,Bulgaria,West Germany,2,5,Loss
223,1970,Mexico,1970-06-07,Group Stage,1,Group 4,Normal Time,False,False,False,False,True,West Germany,Bulgaria,5,2,Win
224,1970,Mexico,1970-06-10,Group Stage,1,Group 4,Normal Time,False,False,False,False,True,Peru,West Germany,1,3,Loss
224,1970,Mexico,1970-06-10,Group Stage,1,Group 4,Normal Time,False,False,False,False,True,West Germany,Peru,3,1,Win
225,1970,Mexico,1970-06-11,Group Stage,1,Group 4,Draw,False,False,False,False,False,Bulgaria,Morocco,1,1,Draw
225,1970,Mexico,1970-06-11,Group Stage,1,Group 4,Draw,False,False,False,False,False,Morocco,Bulgaria,1,1,Draw
226,1970,Mexico,1970-06-14,Quarter-final,4,,Extra Time,False,True,False,False,True,Soviet Union,Uruguay,0,0,Loss
226,1970,Mexico,1970-06-14,Quarter-final,4,,Extra Time,False,True,False,False,True,Uruguay,Soviet Union,0,0,Win
227,1970,Mexico,1970-06-14,Quarter-final,4,,Normal Time,False,False,False,False,False,Italy,Mexico,4,1,Win
227,1970,Mexico,1970-06-14,Quarter-final,4,,Normal Time,False,False,False,False,False,Mexico,Italy,1,4,Loss
228,1970,Mexico,1970-06-14,Quarter-final,4,,Normal Time,False,False,False,False,False,Brazil,Peru,4,2,Win
228,1970,Mexico,1970-06-14,Quarter-final,4,,Normal Time,False,False,False,False,False,Peru,Brazil,2,4,Loss
229,1970,Mexico,1970-06-14,Quarter-final,4,,Extra Time,False,True,False,False,True,England,West Germany,2,2,Loss
229,1970,Mexico,1970-06-14,Quarter-final,4,,Extra Time,False,True,False,False,True,West Germany,England,2,2,Win
230,1970,Mexico,1970-06-17,Semi-final,5,,Normal Time,False,False,False,False,False,Brazil,Uruguay,3,1,Win
230,1970,Mexico,1970-06-17,Semi-final,5,,Normal Time,False,False,False,False,False,Uruguay,Brazil,1,3,Loss
231,1970,Mexico,1970-06-17,Semi-final,5,,Extra Time,False,True,False,False,True,Italy,West Germany,1,1,Win
231,1970,Mexico,1970-06-17,Semi-final,5,,Extra Time,False,True,False,False,True,West Germany,Italy,1,1,Loss
232,1970,Mexico,1970-06-20,Third Place Play-off,6,,Normal Time,False,False,False,False,True,Uruguay,West Germany,0,1,Loss
232,1970,Mexico,1970-06-20,Third Place Play-off,6,,Normal Time,False,False,False,False,True,West Germany,Uruguay,1,0,Win
233,1970,Mexico,1970-06-21,Final,7,,Normal Time,False,False,False,False,False,Brazil,Italy,4,1,Win
233,1970,Mexico,1970-06-21,Final,7,,Normal Time,False,False,False,False,False,Italy,Brazil,1,4,Loss
234,1974,West Germany,1974-06-14,Group Stage,1,Group 1,Normal Time,False,False,False,False,True,Chile,West Germany,0,1,Loss
234,1974,West Germany,1974-06-14,Group Stage,1,Group 1,Normal Time,False,False,False,False,True,West Germany,Chile,1,0,Win
235,1974,West Germany,1974-06-14,Group Stage,1,Group 1,Normal Time,False,False,False,False,True,Australia,East Germany,0,2,Loss
235,1974,West Germany,1974-06-14,Group Stage,1,Group 1,Normal Time,False,False,False,False,True,East Germany,Australia,2,0,Win
236,1974,West Germany,1974-06-18,Group Stage,1,Group 1,Draw,False,False,False,False,True,Chile,East Germany,1,1,Draw
236,1974,West Germany,1974-06-18,Group Stage,1,Group 1,Draw,False,False,False,False,True,East Germany,Chile,1,1,Draw
237,1974,West Germany,1974-06-18,Group Stage,1,Group 1,Normal Time,False,False,False,False,True,Australia,West Germany,0,3,Loss
237,1974,West Germany,1974-06-18,Group Stage,1,Group 1,Normal Time,False,False,False,False,True,West Germany,Australia,3,0,Win
238,1974,West Germany,1974-06-22,Group Stage,1,Group 1,Draw,False,False,False,False,False,Australia,Chile,0,0,Draw
238,1974,West Germany,1974-06-22,Group Stage,1,Group 1,Draw,False,False,False,False,False,Chile,Australia,0,0,Draw
239,1974,West Germany,1974-06-22,Group Stage,1,Group 1,Normal Time,False,False,False,False,True,East Germany,West Germany,1,0,Win
239,1974,West Germany,1974-06-22,Group Stage,1,Group 1,Normal Time,False,False,False,False,True,West Germany,East Germany,0,1,Loss
240,1974,West Germany,1974-06-13,Group Stage,1,Group 2,Draw,False,False,False,False,True,Brazil,Yugoslavia,0,0,Draw
240,1974,West Germany,1974-06-13,Group Stage,1,Group 2,Draw,False,False,False,False,True,Yugoslavia,Brazil,0,0,Draw
241,1974,West Germany,1974-06-14,Group Stage,1,Group 2,Normal Time,False,False,False,False,False,Scotland,Zaire,2,0,Win
241,1974,West Germany,1974-06-14,Group Stage,1,Group 2,Normal Time,False,False,False,False,False,Zaire,Scotland,0,2,Loss
242,1974,West Germany,1974-06-18,Group Stage,1,Group 2,Normal Time,False,False,False,False,True,Yugoslavia,Zaire,9,0,Win
242,1974,West Germany,1974-06-18,Group Stage,1,Group 2,Normal Time,False,False,False,False,True,Zaire,Yugoslavia,0,9,Loss
243,1974,West Germany,1974-06-18,Group Stage,1,Group 2,Draw,False,False,False,False,False,Brazil,Scotland,0,0,Draw
243,1974,West Germany,1974-06-18,Group Stage,1,Group 2,Draw,False,False,False,False,False,Scotland,Brazil,0,0,Draw
244,1974,West Germany,1974-06-22,Group Stage,1,Group 2,Draw,False,False,False,False,True,Scotland,Yugoslavia,1,1,Draw
244,1974,West Germany,1974-06-22,Group Stage,1,Group 2,Draw,False,False,False,False,True,Yugoslavia,Scotland,1,1,Draw
245,1974,West Germany,1974-06-22,Group Stage,1,Group 2,Normal Time,False,False,False,False,False,Brazil,Zaire,3,0,Win
245,1974,West Germany,1974-06-22,Group Stage,1,Group 2,Normal Time,False,False,False,False,False,Zaire,Brazil,0,3,Loss
246,1974,West Germany,1974-06-15,Group Stage,1,Group 3,Normal Time,False,False,False,False,False,Netherlands,Uruguay,2,0,Win
246,1974,West Germany,1974-06-15,Group Stage,1,Group 3,Normal Time,False,False,False,False,False,Uruguay,Netherlands,0,2,Loss
247,1974,West Germany,1974-06-15,Group Stage,1,Group 3,Draw,False,False,False,False,False,Bulgaria,Sweden,0,0,Draw
247,1974,West Germany,1974-06-15,Group Stage,1,Group 3,Draw,False,False,False,False,False,Sweden,Bulgaria,0,0,Draw
248,1974,West Germany,1974-06-19,Group Stage,1,Group 3,Draw,False,False,False,False,False,Netherlands,Sweden,0,0,Draw
248,1974,West Germany,1974-06-19,Group Stage,1,Group 3,Draw,False,False,False,False,False,Sweden,Netherlands,0,0,Draw
249,1974,West Germany,1974-06-19,Group Stage,1,Group 3,Draw,False,False,False,False,False,Bulgaria,Uruguay,1,1,Draw
249,1974,West Germany,1974-06-19,Group Stage,1,Group 3,Draw,False,False,False,False,False,Uruguay,Bulgaria,1,1,Draw
250,1974,West Germany,1974-06-23,Group Stage,1,Group 3,Normal Time,False,False,False,False,False,Bulgaria,Netherlands,1,4,Loss
250,1974,West Germany,1974-06-23,Group Stage,1,Group 3,Normal Time,False,False,False,False,False,Netherlands,Bulgaria,4,1,Win
251,1974,West Germany,1974-06-23,Group Stage,1,Group 3,Normal Time,False,False,False,False,False,Sweden,Uruguay,3,0,Win
251,1974,West Germany,1974-06-23,Group Stage,1,Group 3,Normal Time,False,False,False,False,False,Uruguay,Sweden,0,3,Loss
252,1974,West Germany,1974-06-15,Group Stage,1,Group 4,Normal Time,False,False,False,False,False,Haiti,Italy,1,3,Loss
252,1974,West Germany,1974-06-15,Group Stage,1,Group 4,Normal Time,False,False,False,False,False,Italy,Haiti,3,1,Win
253,1974,West Germany,1974-06-15,Group Stage,1,Group 4,Normal Time,False,False,False,False,False,Argentina,Poland,2,3,Loss
253,1974,West Germany,1974-06-15,Group Stage,1,Group 4,Normal Time,False,False,False,False,False,Poland,Argentina,3,2,Win
254,1974,West Germany,1974-06-19,Group Stage,1,Group 4,Normal Time,False,False,False,False,False,Haiti,Poland,0,7,Loss
254,1974,West Germany,1974-06-19,Group Stage,1,Group 4,Normal Time,False,False,False,False,False,Poland,Haiti,7,0,Win
255,1974,West Germany,1974-06-19,Group Stage,1,Group 4,Draw,False,False,False,False,False,Argentina,Italy,1,1,Draw
255,1974,West Germany,1974-06-19,Group Stage,1,Group 4,Draw,False,False,False,False,False,Italy,Argentina,1,1,Draw
256,1974,West Germany,1974-06-23,Group Stage,1,Group 4,Normal Time,False,False,False,False,False,Argentina,Haiti,4,1,Win
256,1974,West Germany,1974-06-23,Group Stage,1,Group 4,Normal Time,False,False,False,False,False,Haiti,Argentina,1,4,Loss
257,1974,West Germany,1974-06-23,Group Stage,1,Group 4,Normal Time,False,False,False,False,False,Italy,Poland,1,2,Loss
257,1974,West Germany,1974-06-23,Group Stage,1,Group 4,Normal Time,False,False,False,False,False,Poland,Italy,2,1,Win
258,1974,West Germany,1974-06-26,Group Stage,1,Group A,Normal Time,False,False,False,False,True,Brazil,East Germany,1,0,Win
258,1974,West Germany,1974-06-26,Group Stage,1,Group A,Normal Time,False,False,False,False,True,East Germany,Brazil,0,1,Loss
259,1974,West Germany,1974-06-26,Group Stage,1,Group A,Normal Time,False,False,False,False,False,Argentina,Netherlands,0,4,Loss
259,1974,West Germany,1974-06-26,Group Stage,1,Group A,Normal Time,False,False,False,False,False,Netherlands,Argentina,4,0,Win
260,1974,West Germany,1974-06-30,Group Stage,1,Group A,Normal Time,False,False,False,False,True,East Germany,Netherlands,0,2,Loss
260,1974,West Germany,1974-06-30,Group Stage,1,Group A,Normal Time,False,False,False,False,True,Netherlands,East Germany,2,0,Win
261,1974,West Germany,1974-06-30,Group Stage,1,Group A,Normal Time,False,False,False,False,False,Argentina,Brazil,1,2,Loss
261,1974,West Germany,1974-06-30,Group Stage,1,Group A,Normal Time,False,False,False,False,False,Brazil,Argentina,2,1,Win
262,1974,West Germany,1974-07-03,Group Stage,1,Group A,Draw,False,False,False,False,True,Argentina,East Germany,1,1,Draw
262,1974,West Germany,1974-07-03,Group Stage,1,Group A,Draw,False,False,False,False,True,East Germany,Argentina,1,1,Draw
263,1974,West Germany,1974-07-03,Group Stage,1,Group A,Normal Time,False,False,False,False,False,Brazil,Netherlands,0,2,Loss
263,1974,West Germany,1974-07-03,Group Stage,1,Group A,Normal Time,False,False,False,False,False,Netherlands,Brazil,2,0,Win
264,1974,West Germany,1974-06-26,Group Stage,1,Group B,Normal Time,False,False,False,False,True,West Germany,Yugoslavia,2,0,Win
264,1974,West Germany,1974-06-26,Group Stage,1,Group B,Normal Time,False,False,False,False,True,Yugoslavia,West Germany,0,2,Loss
265,1974,West Germany,1974-06-26,Group Stage,1,Group B,Normal Time,False,False,False,False,False,Poland,Sweden,1,0,Win
265,1974,West Germany,1974-06-26,Group Stage,1,Group B,Normal Time,False,False,False,False,False,Sweden,Poland,0,1,Loss
266,1974,West Germany,1974-06-30,Group Stage,1,Group B,Normal Time,False,False,False,False,True,Sweden,West Germany,2,4,Loss
266,1974,West Germany,1974-06-30,Group Stage,1,Group B,Normal Time,False,False,False,False,True,West Germany,Sweden,4,2,Win
267,1974,West Germany,1974-06-30,Group Stage,1,Group B,Normal Time,False,False,False,False,True,Poland,Yugoslavia,2,1,Win
267,1974,West Germany,1974-06-30,Group Stage,1,Group B,Normal Time,False,False,False,False,True,Yugoslavia,Poland,1,2,Loss
268,1974,West Germany,1974-07-03,Group Stage,1,Group B,Normal Time,False,False,False,False,True,Poland,West Germany,0,1,Loss
268,1974,West Germany,1974-07-03,Group Stage,1,Group B,Normal Time,False,False,False,False,True,West Germany,Poland,1,0,Win
269,1974,West Germany,1974-07-03,Group Stage,1,Group B,Normal Time,False,False,False,False,True,Sweden,Yugoslavia,2,1,Win
269,1974,West Germany,1974-07-03,Group Stage,1,Group B,Normal Time,False,False,False,False,True,Yugoslavia,Sweden,1,2,Loss
270,1974,West Germany,1974-07-06,Third Place Play-off,6,,Normal Time,False,False,False,False,False,Brazil,Poland,0,1,Loss
270,1974,West Germany,1974-07-06,Third Place Play-off,6,,Normal Time,False,False,False,False,False,Poland,Brazil,1,0,Win
271,1974,West Germany,1974-07-07,Final,7,,Normal Time,False,False,False,False,True,Netherlands,West Germany,1,2,Loss
271,1974,West Germany,1974-07-07,Final,7,,Normal Time,False,False,False,False,True,West Germany,Netherlands,2,1,Win
272,1978,Argentina,1978-06-02,Group Stage,1,Group 1,Normal Time,False,False,False,False,False,Argentina,Hungary,2,1,Win
272,1978,Argentina,1978-06-02,Group Stage,1,Group 1,Normal Time,False,False,False,False,False,Hungary,Argentina,1,2,Loss
273,1978,Argentina,1978-06-02,Group Stage,1,Group 1,Normal Time,False,False,False,False,False,France,Italy,1,2,Loss
273,1978,Argentina,1978-06-02,Group Stage,1,Group 1,Normal Time,False,False,False,False,False,Italy,France,2,1,Win
274,1978,Argentina,1978-06-06,Group Stage,1,Group 1,Normal Time,False,False,False,False,False,Argentina,France,2,1,Win
274,1978,Argentina,1978-06-06,Group Stage,1,Group 1,Normal Time,False,False,False,False,False,France,Argentina,1,2,Loss
275,1978,Argentina,1978-06-06,Group Stage,1,Group 1,Normal Time,False,False,False,False,False,Hungary,Italy,1,3,Loss
275,1978,Argentina,1978-06-06,Group Stage,1,Group 1,Normal Time,False,False,False,False,False,Italy,Hungary,3,1,Win
276,1978,Argentina,1978-06-10,Group Stage,1,Group 1,Normal Time,False,False,False,False,False,Argentina,Italy,0,1,Loss
276,1978,Argentina,1978-06-10,Group Stage,1,Group 1,Normal Time,False,False,False,False,False,Italy,Argentina,1,0,Win
277,1978,Argentina,1978-06-10,Group Stage,1,Group 1,Normal Time,False,False,False,False,False,France,Hungary,3,1,Win
277,1978,Argentina,1978-06-10,Group Stage,1,Group 1,Normal Time,False,False,False,False,False,Hungary,France,1,3,Loss
278,1978,Argentina,1978-06-01,Group Stage,1,Group 2,Draw,False,False,False,False,True,Poland,West Germany,0,0,Draw
278,1978,Argentina,1978-06-01,Group Stage,1,Group 2,Draw,False,False,False,False,True,West Germany,Poland,0,0,Draw
279,1978,Argentina,1978-06-02,Group Stage,1,Group 2,Normal Time,False,False,False,False,False,Mexico,Tunisia,1,3,Loss
279,1978,Argentina,1978-06-02,Group Stage,1,Group 2,Normal Time,False,False,False,False,False,Tunisia,Mexico,3,1,Win
280,1978,Argentina,1978-06-06,Group Stage,1,Group 2,Normal Time,False,False,False,False,False,Poland,Tunisia,1,0,Win
280,1978,Argentina,1978-06-06,Group Stage,1,Group 2,Normal Time,False,False,False,False,False,Tunisia,Poland,0,1,Loss
281,1978,Argentina,1978-06-06,Group Stage,1,Group 2,Normal Time,False,False,False,False,True,Mexico,West Germany,0,6,Loss
281,1978,Argentina,1978-06-06,Group Stage,1,Group 2,Normal Time,False,False,False,False,True,West Germany,Mexico,6,0,Win
282,1978,Argentina,1978-06-10,Group Stage,1,Group 2,Normal Time,False,False,False,False,False,Mexico,Poland,1,3,Loss
282,1978,Argentina,1978-06-10,Group Stage,1,Group 2,Normal Time,False,False,False,False,False,Poland,Mexico,3,1,Win
283,1978,Argentina,1978-06-10,Group Stage,1,Group 2,Draw,False,False,False,False,True,Tunisia,West Germany,0,0,Draw
283,1978,Argentina,1978-06-10,Group Stage,1,Group 2,Draw,False,False,False,False,True,West Germany,Tunisia,0,0,Draw
284,1978,Argentina,1978-06-03,Group Stage,1,Group 3,Normal Time,False,False,False,False,False,Austria,Spain,2,1,Win
284,1978,Argentina,1978-06-03,Group Stage,1,Group 3,Normal Time,False,False,False,False,False,Spain,Austria,1,2,Loss
285,1978,Argentina,1978-06-03,Group Stage,1,Group 3,Draw,False,False,False,False,False,Brazil,Sweden,1,1,Draw
285,1978,Argentina,1978-06-03,Group Stage,1,Group 3,Draw,False,False,False,False,False,Sweden,Brazil,1,1,Draw
286,1978,Argentina,1978-06-07,Group Stage,1,Group 3,Normal Time,False,False,False,False,False,Austria,Sweden,1,0,Win
286,1978,Argentina,1978-06-07,Group Stage,1,Group 3,Normal Time,False,False,False,False,False,Sweden,Austria,0,1,Loss
287,1978,Argentina,1978-06-07,Group Stage,1,Group 3,Draw,False,False,False,False,False,Brazil,Spain,0,0,Draw
287,1978,Argentina,1978-06-07,Group Stage,1,Group 3,Draw,False,False,False,False,False,Spain,Brazil,0,0,Draw
288,1978,Argentina,1978-06-11,Group Stage,1,Group 3,Normal Time,False,False,False,False,False,Spain,Sweden,1,0,Win
288,1978,Argentina,1978-06-11,Group Stage,1,Group 3,Normal Time,False,False,False,False,False,Sweden,Spain,0,1,Loss
289,1978,Argentina,1978-06-11,Group Stage,1,Group 3,Normal Time,False,False,False,False,False,Austria,Brazil,0,1,Loss
289,1978,Argentina,1978-06-11,Group Stage,1,Group 3,Normal Time,False,False,False,False,False,Brazil,Austria,1,0,Win
290,1978,Argentina,1978-06-03,Group Stage,1,Group 4,Normal Time,False,False,False,False,False,Peru,Scotland,3,1,Win
290,1978,Argentina,1978-06-03,Group Stage,1,Group 4,Normal Time,False,False,False,False,False,Scotland,Peru,1,3,Loss
291,1978,Argentina,1978-06-03,Group Stage,1,Group 4,Normal Time,False,False,False,False,False,Iran,Netherlands,0,3,Loss
291,1978,Argentina,1978-06-03,Group Stage,1,Group 4,Normal Time,False,False,False,False,False,Netherlands,Iran,3,0,Win
292,1978,Argentina,1978-06-07,Group Stage,1,Group 4,Draw,False,False,False,False,False,Iran,Scotland,1,1,Draw
292,1978,Argentina,1978-06-07,Group Stage,1,Group 4,Draw,False,False,False,False,False,Scotland,Iran,1,1,Draw
293,1978,Argentina,1978-06-07,Group Stage,1,Group 4,Draw,False,False,False,False,False,Netherlands,Peru,0,0,Draw
293,1978,Argentina,1978-06-07,Group Stage,1,Group 4,Draw,False,False,False,False,False,Peru,Netherlands,0,0,Draw
294,1978,Argentina,1978-06-11,Group Stage,1,Group 4,Normal Time,False,False,False,False,False,Iran,Peru,1,4,Loss
294,1978,Argentina,1978-06-11,Group Stage,1,Group 4,Normal Time,False,False,False,False,False,Peru,Iran,4,1,Win
295,1978,Argentina,1978-06-11,Group Stage,1,Group 4,Normal Time,False,False,False,False,False,Netherlands,Scotland,2,3,Loss
295,1978,Argentina,1978-06-11,Group Stage,1,Group 4,Normal Time,False,False,False,False,False,Scotland,Netherlands,3,2,Win
296,1978,Argentina,1978-06-14,Group Stage,1,Group A,Draw,False,False,False,False,True,Italy,West Germany,0,0,Draw
296,1978,Argentina,1978-06-14,Group Stage,1,Group A,Draw,False,False,False,False,True,West Germany,Italy,0,0,Draw
297,1978,Argentina,1978-06-14,Group Stage,1,Group A,Normal Time,False,False,False,False,False,Austria,Netherlands,1,5,Loss
297,1978,Argentina,1978-06-14,Group Stage,1,Group A,Normal Time,False,False,False,False,False,Netherlands,Austria,5,1,Win
298,1978,Argentina,1978-06-18,Group Stage,1,Group A,Normal Time,False,False,False,False,False,Austria,Italy,0,1,Loss
298,1978,Argentina,1978-06-18,Group Stage,1,Group A,Normal Time,False,False,False,False,False,Italy,Austria,1,0,Win
299,1978,Argentina,1978-06-18,Group Stage,1,Group A,Draw,False,False,False,False,True,Netherlands,West Germany,2,2,Draw
299,1978,Argentina,1978-06-18,Group Stage,1,Group A,Draw,False,False,False,False,True,West Germany,Netherlands,2,2,Draw
300,1978,Argentina,1978-06-21,Group Stage,1,Group A,Normal Time,False,False,False,False,False,Italy,Netherlands,1,2,Loss
300,1978,Argentina,1978-06-21,Group Stage,1,Group A,Normal Time,False,False,False,False,False,Netherlands,Italy,2,1,Win
301,1978,Argentina,1978-06-21,Group Stage,1,Group A,Normal Time,False,False,False,False,True,Austria,West Germany,3,2,Win
301,1978,Argentina,1978-06-21,Group Stage,1,Group A,Normal Time,False,False,False,False,True,West Germany,Austria,2,3,Loss
302,1978,Argentina,1978-06-14,Group Stage,1,Group B,Normal Time,False,False,False,False,False,Argentina,Poland,2,0,Win
302,1978,Argentina,1978-06-14,Group Stage,1,Group B,Normal Time,False,False,False,False,False,Poland,Argentina,0,2,Loss
303,1978,Argentina,1978-06-14,Group Stage,1,Group B,Normal Time,False,False,False,False,False,Brazil,Peru,3,0,Win
303,1978,Argentina,1978-06-14,Group Stage,1,Group B,Normal Time,False,False,False,False,False,Peru,Brazil,0,3,Loss
304,1978,Argentina,1978-06-18,Group Stage,1,Group B,Draw,False,False,False,False,False,Argentina,Brazil,0,0,Draw
304,1978,Argentina,1978-06-18,Group Stage,1,Group B,Draw,False,False,False,False,False,Brazil,Argentina,0,0,Draw
305,1978,Argentina,1978-06-18,Group Stage,1,Group B,Normal Time,False,False,False,False,False,Peru,Poland,0,1,Loss
305,1978,Argentina,1978-06-18,Group Stage,1,Group B,Normal Time,False,False,False,False,False,Poland,Peru,1,0,Win
306,1978,Argentina,1978-06-21,Group Stage,1,Group B,Normal Time,False,False,False,False,False,Argentina,Peru,6,0,Win
306,1978,Argentina,1978-06-21,Group Stage,1,Group B,Normal Time,False,False,False,False,False,Peru,Argentina,0,6,Loss
307,1978,Argentina,1978-06-21,Group Stage,1,Group B,Normal Time,False,False,False,False,False,Brazil,Poland,3,1,Win
307,1978,Argentina,1978-06-21,Group Stage,1,Group B,Normal Time,False,False,False,False,False,Poland,Brazil,1,3,Loss
308,1978,Argentina,1978-06-24,Third Place Play-off,6,,Normal Time,False,False,False,False,False,Brazil,Italy,2,1,Win
308,1978,Argentina,1978-06-24,Third Place Play-off,6,,Normal Time,False,False,False,False,False,Italy,Brazil,1,2,Loss
309,1978,Argentina,1978-06-25,Final,7,,Extra Time,False,True,False,False,False,Argentina,Netherlands,1,1,Win
309,1978,Argentina,1978-06-25,Final,7,,Extra Time,False,True,False,False,False,Netherlands,Argentina,1,1,Loss
310,1982,Spain,1982-06-14,Group Stage,1,Group 1,Draw,False,False,False,False,False,Italy,Poland,0,0,Draw
310,1982,Spain,1982-06-14,Group Stage,1,Group 1,Draw,False,False,False,False,False,Poland,Italy,0,0,Draw
311,1982,Spain,1982-06-15,Group Stage,1,Group 1,Draw,False,False,False,False,False,Cameroon,Peru,0,0,Draw
311,1982,Spain,1982-06-15,Group Stage,1,Group 1,Draw,False,False,False,False,False,Peru,Cameroon,0,0,Draw
312,1982,Spain,1982-06-18,Group Stage,1,Group 1,Draw,False,False,False,False,False,Italy,Peru,1,1,Draw
312,1982,Spain,1982-06-18,Group Stage,1,Group 1,Draw,False,False,False,False,False,Peru,Italy,1,1,Draw
313,1982,Spain,1982-06-19,Group Stage,1,Group 1,Draw,False,False,False,False,False,Cameroon,Poland,0,0,Draw
313,1982,Spain,1982-06-19,Group Stage,1,Group 1,Draw,False,False,False,False,False,Poland,Cameroon,0,0,Draw
314,1982,Spain,1982-06-22,Group Stage,1,Group 1,Normal Time,False,False,False,False,False,Peru,Poland,1,5,Loss
314,1982,Spain,1982-06-22,Group Stage,1,Group 1,Normal Time,False,False,False,False,False,Poland,Peru,5,1,Win
315,1982,Spain,1982-06-23,Group Stage,1,Group 1,Draw,False,False,False,False,False,Cameroon,Italy,1,1,Draw
315,1982,Spain,1982-06-23,Group Stage,1,Group 1,Draw,False,False,False,False,False,Italy,Cameroon,1,1,Draw
316,1982,Spain,1982-06-16,Group Stage,1,Group 2,Normal Time,False,False,False,False,True,Algeria,West Germany,2,1,Win
316,1982,Spain,1982-06-16,Group Stage,1,Group 2,Normal Time,False,False,False,False,True,West Germany,Algeria,1,2,Loss
317,1982,Spain,1982-06-17,Group Stage,1,Group 2,Normal Time,False,False,False,False,False,Austria,Chile,1,0,Win
317,1982,Spain,1982-06-17,Group Stage,1,Group 2,Normal Time,False,False,False,False,False,Chile,Austria,0,1,Loss
318,1982,Spain,1982-06-20,Group Stage,1,Group 2,Normal Time,False,False,False,False,True,Chile,West Germany,1,4,Loss
318,1982,Spain,1982-06-20,Group Stage,1,Group 2,Normal Time,False,False,False,False,True,West Germany,Chile,4,1,Win
319,1982,Spain,1982-06-21,Group Stage,1,Group 2,Normal Time,False,False,False,False,False,Algeria,Austria,0,2,Loss
319,1982,Spain,1982-06-21,Group Stage,1,Group 2,Normal Time,False,False,False,False,False,Austria,Algeria,2,0,Win
320,1982,Spain,1982-06-24,Group Stage,1,Group 2,Normal Time,False,False,False,False,False,Algeria,Chile,3,2,Win
320,1982,Spain,1982-06-24,Group Stage,1,Group 2,Normal Time,False,False,False,False,False,Chile,Algeria,2,3,Loss
321,1982,Spain,1982-06-25,Group Stage,1,Group 2,Normal Time,False,False,False,False,True,Austria,West Germany,0,1,Loss
321,1982,Spain,1982-06-25,Group Stage,1,Group 2,Normal Time,False,False,False,False,True,West Germany,Austria,1,0,Win
322,1982,Spain,1982-06-13,Group Stage,1,Group 3,Normal Time,False,False,False,False,False,Argentina,Belgium,0,1,Loss
322,1982,Spain,1982-06-13,Group Stage,1,Group 3,Normal Time,False,False,False,False,False,Belgium,Argentina,1,0,Win
323,1982,Spain,1982-06-15,Group Stage,1,Group 3,Normal Time,False,False,False,False,False,El Salvador,Hungary,1,10,Loss
323,1982,Spain,1982-06-15,Group Stage,1,Group 3,Normal Time,False,False,False,False,False,Hungary,El Salvador,10,1,Win
324,1982,Spain,1982-06-18,Group Stage,1,Group 3,Normal Time,False,False,False,False,False,Argentina,Hungary,4,1,Win
324,1982,Spain,1982-06-18,Group Stage,1,Group 3,Normal Time,False,False,False,False,False,Hungary,Argentina,1,4,Loss
325,1982,Spain,1982-06-19,Group Stage,1,Group 3,Normal Time,False,False,False,False,False,Belgium,El Salvador,1,0,Win
325,1982,Spain,1982-06-19,Group Stage,1,Group 3,Normal Time,False,False,False,False,False,El Salvador,Belgium,0,1,Loss
326,1982,Spain,1982-06-22,Group Stage,1,Group 3,Draw,False,False,False,False,False,Belgium,Hungary,1,1,Draw
326,1982,Spain,1982-06-22,Group Stage,1,Group 3,Draw,False,False,False,False,False,Hungary,Belgium,1,1,Draw
327,1982,Spain,1982-06-23,Group Stage,1,Group 3,Normal Time,False,False,False,False,False,Argentina,El Salvador,2,0,Win
327,1982,Spain,1982-06-23,Group Stage,1,Group 3,Normal Time,False,False,False,False,False,El Salvador,Argentina,0,2,Loss
328,1982,Spain,1982-06-16,Group Stage,1,Group 4,Normal Time,False,False,False,False,False,England,France,3,1,Win
328,1982,Spain,1982-06-16,Group Stage,1,Group 4,Normal Time,False,False,False,False,False,France,England,1,3,Loss
329,1982,Spain,1982-06-17,Group Stage,1,Group 4,Draw,False,False,False,False,True,Czechoslovakia,Kuwait,1,1,Draw
329,1982,Spain,1982-06-17,Group Stage,1,Group 4,Draw,False,False,False,False,True,Kuwait,Czechoslovakia,1,1,Draw
330,1982,Spain,1982-06-20,Group Stage,1,Group 4,Normal Time,False,False,False,False,True,Czechoslovakia,England,0,2,Loss
330,1982,Spain,1982-06-20,Group Stage,1,Group 4,Normal Time,False,False,False,False,True,England,Czechoslovakia,2,0,Win
331,1982,Spain,1982-06-21,Group Stage,1,Group 4,Normal Time,False,False,False,False,False,France,Kuwait,4,1,Win
331,1982,Spain,1982-06-21,Group Stage,1,Group 4,Normal Time,False,False,False,False,False,Kuwait,France,1,4,Loss
332,1982,Spain,1982-06-24,Group Stage,1,Group 4,Draw,False,False,False,False,True,Czechoslovakia,France,1,1,Draw
332,1982,Spain,1982-06-24,Group Stage,1,Group 4,Draw,False,False,False,False,True,France,Czechoslovakia,1,1,Draw
333,1982,Spain,1982-06-25,Group Stage,1,Group 4,Normal Time,False,False,False,False,False,England,Kuwait,1,0,Win
333,1982,Spain,1982-06-25,Group Stage,1,Group 4,Normal Time,False,False,False,False,False,Kuwait,England,0,1,Loss
334,1982,Spain,1982-06-16,Group Stage,1,Group 5,Draw,False,False,False,False,False,Honduras,Spain,1,1,Draw
334,1982,Spain,1982-06-16,Group Stage,1,Group 5,Draw,False,False,False,False,False,Spain,Honduras,1,1,Draw
335,1982,Spain,1982-06-17,Group Stage,1,Group 5,Draw,False,False,False,False,True,Northern Ireland,Yugoslavia,0,0,Draw
335,1982,Spain,1982-06-17,Group Stage,1,Group 5,Draw,False,False,False,False,True,Yugoslavia,Northern Ireland,0,0,Draw
336,1982,Spain,1982-06-20,Group Stage,1,Group 5,Normal Time,False,False,False,False,True,Spain,Yugoslavia,2,1,Win
336,1982,Spain,1982-06-20,Group Stage,1,Group 5,Normal Time,False,False,False,False,True,Yugoslavia,Spain,1,2,Loss
337,1982,Spain,1982-06-21,Group Stage,1,Group 5,Draw,False,False,False,False,False,Honduras,Northern Ireland,1,1,Draw
337,1982,Spain,1982-06-21,Group Stage,1,Group 5,Draw,False,False,False,False,False,Northern Ireland,Honduras,1,1,Draw
338,1982,Spain,1982-06-24,Group Stage,1,Group 5,Normal Time,False,False,False,False,True,Honduras,Yugoslavia,0,1,Loss
338,1982,Spain,1982-06-24,Group Stage,1,Group 5,Normal Time,False,False,False,False,True,Yugoslavia,Honduras,1,0,Win
339,1982,Spain,1982-06-25,Group Stage,1,Group 5,Normal Time,False,False,False,False,False,Northern Ireland,Spain,1,0,Win
339,1982,Spain,1982-06-25,Group Stage,1,Group 5,Normal Time,False,False,False,False,False,Spain,Northern Ireland,0,1,Loss
340,1982,Spain,1982-06-14,Group Stage,1,Group 6,Normal Time,False,False,False,False,True,Brazil,Soviet Union,2,1,Win
340,1982,Spain,1982-06-14,Group Stage,1,Group 6,Normal Time,False,False,False,False,True,Soviet Union,Brazil,1,2,Loss
341,1982,Spain,1982-06-15,Group Stage,1,Group 6,Normal Time,False,False,False,False,False,New Zealand,Scotland,2,5,Loss
341,1982,Spain,1982-06-15,Group Stage,1,Group 6,Normal Time,False,False,False,False,False,Scotland,New Zealand,5,2,Win
342,1982,Spain,1982-06-18,Group Stage,1,Group 6,Normal Time,False,False,False,False,False,Brazil,Scotland,4,1,Win
342,1982,Spain,1982-06-18,Group Stage,1,Group 6,Normal Time,False,False,False,False,False,Scotland,Brazil,1,4,Loss
343,1982,Spain,1982-06-19,Group Stage,1,Group 6,Normal Time,False,False,False,False,True,New Zealand,Soviet Union,0,3,Loss
343,1982,Spain,1982-06-19,Group Stage,1,Group 6,Normal Time,False,False,False,False,True,Soviet Union,New Zealand,3,0,Win
344,1982,Spain,1982-06-22,Group Stage,1,Group 6,Draw,False,False,False,False,True,Scotland,Soviet Union,2,2,Draw
344,1982,Spain,1982-06-22,Group Stage,1,Group 6,Draw,False,False,False,False,True,Soviet Union,Scotland,2,2,Draw
345,1982,Spain,1982-06-23,Group Stage,1,Group 6,Normal Time,False,False,False,False,False,Brazil,New Zealand,4,0,Win
345,1982,Spain,1982-06-23,Group Stage,1,Group 6,Normal Time,False,False,False,False,False,New Zealand,Brazil,0,4,Loss
346,1982,Spain,1982-06-28,Group Stage,1,Group A,Normal Time,False,False,False,False,False,Belgium,Poland,0,3,Loss
346,1982,Spain,1982-06-28,Group Stage,1,Group A,Normal Time,False,False,False,False,False,Poland,Belgium,3,0,Win
347,1982,Spain,1982-07-01,Group Stage,1,Group A,Normal Time,False,False,False,False,True,Belgium,Soviet Union,0,1,Loss
347,1982,Spain,1982-07-01,Group Stage,1,Group A,Normal Time,False,False,False,False,True,Soviet Union,Belgium,1,0,Win
348,1982,Spain,1982-07-04,Group Stage,1,Group A,Draw,False,False,False,False,True,Poland,Soviet Union,0,0,Draw
348,1982,Spain,1982-07-04,Group Stage,1,Group A,Draw,False,False,False,False,True,Soviet Union,Poland,0,0,Draw
349,1982,Spain,1982-06-29,Group Stage,1,Group B,Draw,False,False,False,False,True,England,West Germany,0,0,Draw
349,1982,Spain,1982-06-29,Group Stage,1,Group B,Draw,False,False,False,False,True,West Germany,England,0,0,Draw
350,1982,Spain,1982-07-02,Group Stage,1,Group B,Normal Time,False,False,False,False,True,Spain,West Germany,1,2,Loss
350,1982,Spain,1982-07-02,Group Stage,1,Group B,Normal Time,False,False,False,False,True,West Germany,Spain,2,1,Win
351,1982,Spain,1982-07-05,Group Stage,1,Group B,Draw,False,False,False,False,False,England,Spain,0,0,Draw
351,1982,Spain,1982-07-05,Group Stage,1,Group B,Draw,False,False,False,False,False,Spain,England,0,0,Draw
352,1982,Spain,1982-06-29,Group Stage,1,Group C,Normal Time,False,False,False,False,False,Argentina,Italy,1,2,Loss
352,1982,Spain,1982-06-29,Group Stage,1,Group C,Normal Time,False,False,False,False,False,Italy,Argentina,2,1,Win
353,1982,Spain,1982-07-02,Group Stage,1,Group C,Normal Time,False,False,False,False,False,Argentina,Brazil,1,3,Loss
353,1982,Spain,1982-07-02,Group Stage,1,Group C,Normal Time,False,False,False,False,False,Brazil,Argentina,3,1,Win
354,1982,Spain,1982-07-05,Group Stage,1,Group C,Normal Time,False,False,False,False,False,Brazil,Italy,2,3,Loss
354,1982,Spain,1982-07-05,Group Stage,1,Group C,Normal Time,False,False,False,False,False,Italy,Brazil,3,2,Win
355,1982,Spain,1982-06-28,Group Stage,1,Group D,Normal Time,False,False,False,False,False,Austria,France,0,1,Loss
355,1982,Spain,1982-06-28,Group Stage,1,Group D,Normal Time,False,False,False,False,False,France,Austria,1,0,Win
356,1982,Spain,1982-07-01,Group Stage,1,Group D,Draw,False,False,False,False,False,Austria,Northern Ireland,2,2,Draw
356,1982,Spain,1982-07-01,Group Stage,1,Group D,Draw,False,False,False,False,False,Northern Ireland,Austria,2,2,Draw
357,1982,Spain,1982-07-04,Group Stage,1,Group D,Normal Time,False,False,False,False,False,France,Northern Ireland,4,1,Win
357,1982,Spain,1982-07-04,Group Stage,1,Group D,Normal Time,False,False,False,False,False,Northern Ireland,France,1,4,Loss
358,1982,Spain,1982-07-08,Semi-final,5,,Normal Time,False,False,False,False,False,Italy,Poland,2,0,Win
358,1982,Spain,1982-07-08,Semi-final,5,,Normal Time,False,False,False,False,False,Poland,Italy,0,2,Loss
359,1982,Spain,1982-07-08,Semi-final,5,,Penalties,False,True,True,False,True,France,West Germany,1,1,Loss
359,1982,Spain,1982-07-08,Semi-final,5,,Penalties,False,True,True,False,True,West Germany,France,1,1,Win
360,1982,Spain,1982-07-10,Third Place Play-off,6,,Normal Time,False,False,False,False,False,France,Poland,2,3,Loss
360,1982,Spain,1982-07-10,Third Place Play-off,6,,Normal Time,False,False,False,False,False,Poland,France,3,2,Win
361,1982,Spain,1982-07-11,Final,7,,Normal Time,False,False,False,False,True,Italy,West Germany,3,1,Win
361,1982,Spain,1982-07-11,Final,7,,Normal Time,False,False,False,False,True,West Germany,Italy,1,3,Loss
362,1986,Mexico,1986-05-31,Group Stage,1,Group A,Draw,False,False,False,False,False,Bulgaria,Italy,1,1,Draw
362,1986,Mexico,1986-05-31,Group Stage,1,Group A,Draw,False,False,False,False,False,Italy,Bulgaria,1,1,Draw
363,1986,Mexico,1986-06-02,Group Stage,1,Group A,Normal Time,False,False,False,False,False,Argentina,South Korea,3,1,Win
363,1986,Mexico,1986-06-02,Group Stage,1,Group A,Normal Time,False,False,False,False,False,South Korea,Argentina,1,3,Loss
364,1986,Mexico,1986-06-05,Group Stage,1,Group A,Draw,False,False,False,False,False,Argentina,Italy,1,1,Draw
364,1986,Mexico,1986-06-05,Group Stage,1,Group A,Draw,False,False,False,False,False,Italy,Argentina,1,1,Draw
365,1986,Mexico,1986-06-05,Group Stage,1,Group A,Draw,False,False,False,False,False,Bulgaria,South Korea,1,1,Draw
365,1986,Mexico,1986-06-05,Group Stage,1,Group A,Draw,False,False,False,False,False,South Korea,Bulgaria,1,1,Draw
366,1986,Mexico,1986-06-10,Group Stage,1,Group A,Normal Time,False,False,False,False,False,Italy,South Korea,3,2,Win
366,1986,Mexico,1986-06-10,Group Stage,1,Group A,Normal Time,False,False,False,False,False,South Korea,Italy,2,3,Loss
367,1986,Mexico,1986-06-10,Group Stage,1,Group A,Normal Time,False,False,False,False,False,Argentina,Bulgaria,2,0,Win
367,1986,Mexico,1986-06-10,Group Stage,1,Group A,Normal Time,False,False,False,False,False,Bulgaria,Argentina,0,2,Loss
368,1986,Mexico,1986-06-03,Group Stage,1,Group B,Normal Time,False,False,False,False,False,Belgium,Mexico,1,2,Loss
368,1986,Mexico,1986-06-03,Group Stage,1,Group B,Normal Time,False,False,False,False,False,Mexico,Belgium,2,1,Win
369,1986,Mexico,1986-06-04,Group Stage,1,Group B,Normal Time,False,False,False,False,False,Iraq,Paraguay,0,1,Loss
369,1986,Mexico,1986-06-04,Group Stage,1,Group B,Normal Time,False,False,False,False,False,Paraguay,Iraq,1,0,Win
370,1986,Mexico,1986-06-07,Group Stage,1,Group B,Draw,False,False,False,False,False,Mexico,Paraguay,1,1,Draw
370,1986,Mexico,1986-06-07,Group Stage,1,Group B,Draw,False,False,False,False,False,Paraguay,Mexico,1,1,Draw
371,1986,Mexico,1986-06-08,Group Stage,1,Group B,Normal Time,False,False,False,False,False,Belgium,Iraq,2,1,Win
371,1986,Mexico,1986-06-08,Group Stage,1,Group B,Normal Time,False,False,False,False,False,Iraq,Belgium,1,2,Loss
372,1986,Mexico,1986-06-11,Group Stage,1,Group B,Normal Time,False,False,False,False,False,Iraq,Mexico,0,1,Loss
372,1986,Mexico,1986-06-11,Group Stage,1,Group B,Normal Time,False,False,False,False,False,Mexico,Iraq,1,0,Win
373,1986,Mexico,1986-06-11,Group Stage,1,Group B,Draw,False,False,False,False,False,Belgium,Paraguay,2,2,Draw
373,1986,Mexico,1986-06-11,Group Stage,1,Group B,Draw,False,False,False,False,False,Paraguay,Belgium,2,2,Draw
374,1986,Mexico,1986-06-01,Group Stage,1,Group C,Normal Time,False,False,False,False,False,Canada,France,0,1,Loss
374,1986,Mexico,1986-06-01,Group Stage,1,Group C,Normal Time,False,False,False,False,False,France,Canada,1,0,Win
375,1986,Mexico,1986-06-02,Group Stage,1,Group C,Normal Time,False,False,False,False,True,Hungary,Soviet Union,0,6,Loss
375,1986,Mexico,1986-06-02,Group Stage,1,Group C,Normal Time,False,False,False,False,True,Soviet Union,Hungary,6,0,Win
376,1986,Mexico,1986-06-05,Group Stage,1,Group C,Draw,False,False,False,False,True,France,Soviet Union,1,1,Draw
376,1986,Mexico,1986-06-05,Group Stage,1,Group C,Draw,False,False,False,False,True,Soviet Union,France,1,1,Draw
377,1986,Mexico,1986-06-06,Group Stage,1,Group C,Normal Time,False,False,False,False,False,Canada,Hungary,0,2,Loss
377,1986,Mexico,1986-06-06,Group Stage,1,Group C,Normal Time,False,False,False,False,False,Hungary,Canada,2,0,Win
378,1986,Mexico,1986-06-09,Group Stage,1,Group C,Normal Time,False,False,False,False,False,France,Hungary,3,0,Win
378,1986,Mexico,1986-06-09,Group Stage,1,Group C,Normal Time,False,False,False,False,False,Hungary,France,0,3,Loss
379,1986,Mexico,1986-06-09,Group Stage,1,Group C,Normal Time,False,False,False,False,True,Canada,Soviet Union,0,2,Loss
379,1986,Mexico,1986-06-09,Group Stage,1,Group C,Normal Time,False,False,False,False,True,Soviet Union,Canada,2,0,Win
380,1986,Mexico,1986-06-01,Group Stage,1,Group D,Normal Time,False,False,False,False,False,Brazil,Spain,1,0,Win
380,1986,Mexico,1986-06-01,Group Stage,1,Group D,Normal Time,False,False,False,False,False,Spain,Brazil,0,1,Loss
381,1986,Mexico,1986-06-03,Group Stage,1,Group D,Draw,False,False,False,False,False,Algeria,Northern Ireland,1,1,Draw
381,1986,Mexico,1986-06-03,Group Stage,1,Group D,Draw,False,False,False,False,False,Northern Ireland,Algeria,1,1,Draw
382,1986,Mexico,1986-06-06,Group Stage,1,Group D,Normal Time,False,False,False,False,False,Algeria,Brazil,0,1,Loss
382,1986,Mexico,1986-06-06,Group Stage,1,Group D,Normal Time,False,False,False,False,False,Brazil,Algeria,1,0,Win
383,1986,Mexico,1986-06-07,Group Stage,1,Group D,Normal Time,False,False,False,False,False,Northern Ireland,Spain,1,2,Loss
383,1986,Mexico,1986-06-07,Group Stage,1,Group D,Normal Time,False,False,False,False,False,Spain,Northern Ireland,2,1,Win
384,1986,Mexico,1986-06-12,Group Stage,1,Group D,Normal Time,False,False,False,False,False,Brazil,Northern Ireland,3,0,Win
384,1986,Mexico,1986-06-12,Group Stage,1,Group D,Normal Time,False,False,False,False,False,Northern Ireland,Brazil,0,3,Loss
385,1986,Mexico,1986-06-12,Group Stage,1,Group D,Normal Time,False,False,False,False,False,Algeria,Spain,0,3,Loss
385,1986,Mexico,1986-06-12,Group Stage,1,Group D,Normal Time,False,False,False,False,False,Spain,Algeria,3,0,Win
386,1986,Mexico,1986-06-04,Group Stage,1,Group E,Draw,False,False,False,False,True,Uruguay,West Germany,1,1,Draw
386,1986,Mexico,1986-06-04,Group Stage,1,Group E,Draw,False,False,False,False,True,West Germany,Uruguay,1,1,Draw
387,1986,Mexico,1986-06-04,Group Stage,1,Group E,Normal Time,False,False,False,False,False,Denmark,Scotland,1,0,Win
387,1986,Mexico,1986-06-04,Group Stage,1,Group E,Normal Time,False,False,False,False,False,Scotland,Denmark,0,1,Loss
388,1986,Mexico,1986-06-08,Group Stage,1,Group E,Normal Time,False,False,False,False,True,Scotland,West Germany,1,2,Loss
388,1986,Mexico,1986-06-08,Group Stage,1,Group E,Normal Time,False,False,False,False,True,West Germany,Scotland,2,1,Win
389,1986,Mexico,1986-06-08,Group Stage,1,Group E,Normal Time,False,False,False,False,False,Denmark,Uruguay,6,1,Win
389,1986,Mexico,1986-06-08,Group Stage,1,Group E,Normal Time,False,False,False,False,False,Uruguay,Denmark,1,6,Loss
390,1986,Mexico,1986-06-13,Group Stage,1,Group E,Normal Time,False,False,False,False,True,Denmark,West Germany,2,0,Win
390,1986,Mexico,1986-06-13,Group Stage,1,Group E,Normal Time,False,False,False,False,True,West Germany,Denmark,0,2,Loss
391,1986,Mexico,1986-06-13,Group Stage,1,Group E,Draw,False,False,False,False,False,Scotland,Uruguay,0,0,Draw
391,1986,Mexico,1986-06-13,Group Stage,1,Group E,Draw,False,False,False,False,False,Uruguay,Scotland,0,0,Draw
392,1986,Mexico,1986-06-02,Group Stage,1,Group F,Draw,False,False,False,False,False,Morocco,Poland,0,0,Draw
392,1986,Mexico,1986-06-02,Group Stage,1,Group F,Draw,False,False,False,False,False,Poland,Morocco,0,0,Draw
393,1986,Mexico,1986-06-03,Group Stage,1,Group F,Normal Time,False,False,False,False,False,England,Portugal,0,1,Loss
393,1986,Mexico,1986-06-03,Group Stage,1,Group F,Normal Time,False,False,False,False,False,Portugal,England,1,0,Win
394,1986,Mexico,1986-06-06,Group Stage,1,Group F,Draw,False,False,False,False,False,England,Morocco,0,0,Draw
394,1986,Mexico,1986-06-06,Group Stage,1,Group F,Draw,False,False,False,False,False,Morocco,England,0,0,Draw
395,1986,Mexico,1986-06-07,Group Stage,1,Group F,Normal Time,False,False,False,False,False,Poland,Portugal,1,0,Win
395,1986,Mexico,1986-06-07,Group Stage,1,Group F,Normal Time,False,False,False,False,False,Portugal,Poland,0,1,Loss
396,1986,Mexico,1986-06-11,Group Stage,1,Group F,Normal Time,False,False,False,False,False,Morocco,Portugal,3,1,Win
396,1986,Mexico,1986-06-11,Group Stage,1,Group F,Normal Time,False,False,False,False,False,Portugal,Morocco,1,3,Loss
397,1986,Mexico,1986-06-11,Group Stage,1,Group F,Normal Time,False,False,False,False,False,England,Poland,3,0,Win
397,1986,Mexico,1986-06-11,Group Stage,1,Group F,Normal Time,False,False,False,False,False,Poland,England,0,3,Loss
398,1986,Mexico,1986-06-15,Round of 16,3,,Normal Time,False,False,False,False,False,Bulgaria,Mexico,0,2,Loss
398,1986,Mexico,1986-06-15,Round of 16,3,,Normal Time,False,False,False,False,False,Mexico,Bulgaria,2,0,Win
399,1986,Mexico,1986-06-15,Round of 16,3,,Extra Time,False,True,False,False,True,Belgium,Soviet Union,2,2,Win
399,1986,Mexico,1986-06-15,Round of 16,3,,Extra Time,False,True,False,False,True,Soviet Union,Belgium,2,2,Loss
400,1986,Mexico,1986-06-16,Round of 16,3,,Normal Time,False,False,False,False,False,Argentina,Uruguay,1,0,Win
400,1986,Mexico,1986-06-16,Round of 16,3,,Normal Time,False,False,False,False,False,Uruguay,Argentina,0,1,Loss
401,1986,Mexico,1986-06-16,Round of 16,3,,Normal Time,False,False,False,False,False,Brazil,Poland,4,0,Win
401,1986,Mexico,1986-06-16,Round of 16,3,,Normal Time,False,False,False,False,False,Poland,Brazil,0,4,Loss
402,1986,Mexico,1986-06-17,Round of 16,3,,Normal Time,False,False,False,False,False,France,Italy,2,0,Win
402,1986,Mexico,1986-06-17,Round of 16,3,,Normal Time,False,False,False,False,False,Italy,France,0,2,Loss
403,1986,Mexico,1986-06-17,Round of 16,3,,Normal Time,False,False,False,False,True,Morocco,West Germany,0,1,Loss
403,1986,Mexico,1986-06-17,Round of 16,3,,Normal Time,False,False,False,False,True,West Germany,Morocco,1,0,Win
404,1986,Mexico,1986-06-18,Round of 16,3,,Normal Time,False,False,False,False,False,England,Paraguay,3,0,Win
404,1986,Mexico,1986-06-18,Round of 16,3,,Normal Time,False,False,False,False,False,Paraguay,England,0,3,Loss
405,1986,Mexico,1986-06-18,Round of 16,3,,Normal Time,False,False,False,False,False,Denmark,Spain,1,5,Loss
405,1986,Mexico,1986-06-18,Round of 16,3,,Normal Time,False,False,False,False,False,Spain,Denmark,5,1,Win
406,1986,Mexico,1986-06-21,Quarter-final,4,,Penalties,False,True,True,False,False,Brazil,France,1,1,Loss
406,1986,Mexico,1986-06-21,Quarter-final,4,,Penalties,False,True,True,False,False,France,Brazil,1,1,Win
407,1986,Mexico,1986-06-21,Quarter-final,4,,Penalties,False,True,True,False,True,Mexico,West Germany,0,0,Loss
407,1986,Mexico,1986-06-21,Quarter-final,4,,Penalties,False,True,True,False,True,West Germany,Mexico,0,0,Win
408,1986,Mexico,1986-06-22,Quarter-final,4,,Penalties,False,True,True,False,False,Belgium,Spain,1,1,Win
408,1986,Mexico,1986-06-22,Quarter-final,4,,Penalties,False,True,True,False,False,Spain,Belgium,1,1,Loss
409,1986,Mexico,1986-06-22,Quarter-final,4,,Normal Time,False,False,False,False,False,Argentina,England,2,1,Win
409,1986,Mexico,1986-06-22,Quarter-final,4,,Normal Time,False,False,False,False,False,England,Argentina,1,2,Loss
410,1986,Mexico,1986-06-25,Semi-final,5,,Normal Time,False,False,False,False,False,Argentina,Belgium,2,0,Win
410,1986,Mexico,1986-06-25,Semi-final,5,,Normal Time,False,False,False,False,False,Belgium,Argentina,0,2,Loss
411,1986,Mexico,1986-06-25,Semi-final,5,,Normal Time,False,False,False,False,True,France,West Germany,0,2,Loss
411,1986,Mexico,1986-06-25,Semi-final,5,,Normal Time,False,False,False,False,True,West Germany,France,2,0,Win
412,1986,Mexico,1986-06-28,Third Place Play-off,6,,Extra Time,False,True,False,False,False,Belgium,France,2,2,Loss
412,1986,Mexico,1986-06-28,Third Place Play-off,6,,Extra Time,False,True,False,False,False,France,Belgium,2,2,Win
413,1986,Mexico,1986-06-29,Final,7,,Normal Time,False,False,False,False,True,Argentina,West Germany,3,2,Win
413,1986,Mexico,1986-06-29,Final,7,,Normal Time,False,False,False,False,True,West Germany,Argentina,2,3,Loss
414,1990,Italy,1990-06-09,Group Stage,1,Group A,Normal Time,False,False,False,False,False,Austria,Italy,0,1,Loss
414,1990,Italy,1990-06-09,Group Stage,1,Group A,Normal Time,False,False,False,False,False,Italy,Austria,1,0,Win
415,1990,Italy,1990-06-10,Group Stage,1,Group A,Normal Time,False,False,False,False,True,Czechoslovakia,United States,5,1,Win
415,1990,Italy,1990-06-10,Group Stage,1,Group A,Normal Time,False,False,False,False,True,United States,Czechoslovakia,1,5,Loss
416,1990,Italy,1990-06-14,Group Stage,1,Group A,Normal Time,False,False,False,False,False,Italy,United States,1,0,Win
416,1990,Italy,1990-06-14,Group Stage,1,Group A,Normal Time,False,False,False,False,False,United States,Italy,0,1,Loss
417,1990,Italy,1990-06-15,Group Stage,1,Group A,Normal Time,False,False,False,False,True,Austria,Czechoslovakia,0,1,Loss
417,1990,Italy,1990-06-15,Group Stage,1,Group A,Normal Time,False,False,False,False,True,Czechoslovakia,Austria,1,0,Win
418,1990,Italy,1990-06-19,Group Stage,1,Group A,Normal Time,False,False,False,False,True,Czechoslovakia,Italy,0,2,Loss
418,1990,Italy,1990-06-19,Group Stage,1,Group A,Normal Time,False,False,False,False,True,Italy,Czechoslovakia,2,0,Win
419,1990,Italy,1990-06-19,Group Stage,1,Group A,Normal Time,False,False,False,False,False,Austria,United States,2,1,Win
419,1990,Italy,1990-06-19,Group Stage,1,Group A,Normal Time,False,False,False,False,False,United States,Austria,1,2,Loss
420,1990,Italy,1990-06-08,Group Stage,1,Group B,Normal Time,False,False,False,False,False,Argentina,Cameroon,0,1,Loss
420,1990,Italy,1990-06-08,Group Stage,1,Group B,Normal Time,False,False,False,False,False,Cameroon,Argentina,1,0,Win
421,1990,Italy,1990-06-09,Group Stage,1,Group B,Normal Time,False,False,False,False,True,Romania,Soviet Union,2,0,Win
421,1990,Italy,1990-06-09,Group Stage,1,Group B,Normal Time,False,False,False,False,True,Soviet Union,Romania,0,2,Loss
422,1990,Italy,1990-06-13,Group Stage,1,Group B,Normal Time,False,False,False,False,True,Argentina,Soviet Union,2,0,Win
422,1990,Italy,1990-06-13,Group Stage,1,Group B,Normal Time,False,False,False,False,True,Soviet Union,Argentina,0,2,Loss
423,1990,Italy,1990-06-14,Group Stage,1,Group B,Normal Time,False,False,False,False,False,Cameroon,Romania,2,1,Win
423,1990,Italy,1990-06-14,Group Stage,1,Group B,Normal Time,False,False,False,False,False,Romania,Cameroon,1,2,Loss
424,1990,Italy,1990-06-18,Group Stage,1,Group B,Draw,False,False,False,False,False,Argentina,Romania,1,1,Draw
424,1990,Italy,1990-06-18,Group Stage,1,Group B,Draw,False,False,False,False,False,Romania,Argentina,1,1,Draw
425,1990,Italy,1990-06-18,Group Stage,1,Group B,Normal Time,False,False,False,False,True,Cameroon,Soviet Union,0,4,Loss
425,1990,Italy,1990-06-18,Group Stage,1,Group B,Normal Time,False,False,False,False,True,Soviet Union,Cameroon,4,0,Win
426,1990,Italy,1990-06-10,Group Stage,1,Group C,Normal Time,False,False,False,False,False,Brazil,Sweden,2,1,Win
426,1990,Italy,1990-06-10,Group Stage,1,Group C,Normal Time,False,False,False,False,False,Sweden,Brazil,1,2,Loss
427,1990,Italy,1990-06-11,Group Stage,1,Group C,Normal Time,False,False,False,False,False,Costa Rica,Scotland,1,0,Win
427,1990,Italy,1990-06-11,Group Stage,1,Group C,Normal Time,False,False,False,False,False,Scotland,Costa Rica,0,1,Loss
428,1990,Italy,1990-06-16,Group Stage,1,Group C,Normal Time,False,False,False,False,False,Brazil,Costa Rica,1,0,Win
428,1990,Italy,1990-06-16,Group Stage,1,Group C,Normal Time,False,False,False,False,False,Costa Rica,Brazil,0,1,Loss
429,1990,Italy,1990-06-16,Group Stage,1,Group C,Normal Time,False,False,False,False,False,Scotland,Sweden,2,1,Win
429,1990,Italy,1990-06-16,Group Stage,1,Group C,Normal Time,False,False,False,False,False,Sweden,Scotland,1,2,Loss
430,1990,Italy,1990-06-20,Group Stage,1,Group C,Normal Time,False,False,False,False,False,Brazil,Scotland,1,0,Win
430,1990,Italy,1990-06-20,Group Stage,1,Group C,Normal Time,False,False,False,False,False,Scotland,Brazil,0,1,Loss
431,1990,Italy,1990-06-20,Group Stage,1,Group C,Normal Time,False,False,False,False,False,Costa Rica,Sweden,2,1,Win
431,1990,Italy,1990-06-20,Group Stage,1,Group C,Normal Time,False,False,False,False,False,Sweden,Costa Rica,1,2,Loss
432,1990,Italy,1990-06-09,Group Stage,1,Group D,Normal Time,False,False,False,False,False,Colombia,United Arab Emirates,2,0,Win
432,1990,Italy,1990-06-09,Group Stage,1,Group D,Normal Time,False,False,False,False,False,United Arab Emirates,Colombia,0,2,Loss
433,1990,Italy,1990-06-10,Group Stage,1,Group D,Normal Time,False,False,False,False,True,West Germany,Yugoslavia,4,1,Win
433,1990,Italy,1990-06-10,Group Stage,1,Group D,Normal Time,False,False,False,False,True,Yugoslavia,West Germany,1,4,Loss
434,1990,Italy,1990-06-14,Group Stage,1,Group D,Normal Time,False,False,False,False,True,Colombia,Yugoslavia,0,1,Loss
434,1990,Italy,1990-06-14,Group Stage,1,Group D,Normal Time,False,False,False,False,True,Yugoslavia,Colombia,1,0,Win
435,1990,Italy,1990-06-15,Group Stage,1,Group D,Normal Time,False,False,False,False,True,United Arab Emirates,West Germany,1,5,Loss
435,1990,Italy,1990-06-15,Group Stage,1,Group D,Normal Time,False,False,False,False,True,West Germany,United Arab Emirates,5,1,Win
436,1990,Italy,1990-06-19,Group Stage,1,Group D,Draw,False,False,False,False,True,Colombia,West Germany,1,1,Draw
436,1990,Italy,1990-06-19,Group Stage,1,Group D,Draw,False,False,False,False,True,West Germany,Colombia,1,1,Draw
437,1990,Italy,1990-06-19,Group Stage,1,Group D,Normal Time,False,False,False,False,True,United Arab Emirates,Yugoslavia,1,4,Loss
437,1990,Italy,1990-06-19,Group Stage,1,Group D,Normal Time,False,False,False,False,True,Yugoslavia,United Arab Emirates,4,1,Win
438,1990,Italy,1990-06-12,Group Stage,1,Group E,Normal Time,False,False,False,False,False,Belgium,South Korea,2,0,Win
438,1990,Italy,1990-06-12,Group Stage,1,Group E,Normal Time,False,False,False,False,False,South Korea,Belgium,0,2,Loss
439,1990,Italy,1990-06-13,Group Stage,1,Group E,Draw,False,False,False,False,False,Spain,Uruguay,0,0,Draw
439,1990,Italy,1990-06-13,Group Stage,1,Group E,Draw,False,False,False,False,False,Uruguay,Spain,0,0,Draw
440,1990,Italy,1990-06-17,Group Stage,1,Group E,Normal Time,False,False,False,False,False,Belgium,Uruguay,3,1,Win
440,1990,Italy,1990-06-17,Group Stage,1,Group E,Normal Time,False,False,False,False,False,Uruguay,Belgium,1,3,Loss
441,1990,Italy,1990-06-17,Group Stage,1,Group E,Normal Time,False,False,False,False,False,South Korea,Spain,1,3,Loss
441,1990,Italy,1990-06-17,Group Stage,1,Group E,Normal Time,False,False,False,False,False,Spain,South Korea,3,1,Win
442,1990,Italy,1990-06-21,Group Stage,1,Group E,Normal Time,False,False,False,False,False,Belgium,Spain,1,2,Loss
442,1990,Italy,1990-06-21,Group Stage,1,Group E,Normal Time,False,False,False,False,False,Spain,Belgium,2,1,Win
443,1990,Italy,1990-06-21,Group Stage,1,Group E,Normal Time,False,False,False,False,False,South Korea,Uruguay,0,1,Loss
443,1990,Italy,1990-06-21,Group Stage,1,Group E,Normal Time,False,False,False,False,False,Uruguay,South Korea,1,0,Win
444,1990,Italy,1990-06-11,Group Stage,1,Group F,Draw,False,False,False,False,False,England,Ireland,1,1,Draw
444,1990,Italy,1990-06-11,Group Stage,1,Group F,Draw,False,False,False,False,False,Ireland,England,1,1,Draw
445,1990,Italy,1990-06-12,Group Stage,1,Group F,Draw,False,False,False,False,False,Egypt,Netherlands,1,1,Draw
445,1990,Italy,1990-06-12,Group Stage,1,Group F,Draw,False,False,False,False,False,Netherlands,Egypt,1,1,Draw
446,1990,Italy,1990-06-16,Group Stage,1,Group F,Draw,False,False,False,False,False,England,Netherlands,0,0,Draw
446,1990,Italy,1990-06-16,Group Stage,1,Group F,Draw,False,False,False,False,False,Netherlands,England,0,0,Draw
447,1990,Italy,1990-06-17,Group Stage,1,Group F,Draw,False,False,False,False,False,Egypt,Ireland,0,0,Draw
447,1990,Italy,1990-06-17,Group Stage,1,Group F,Draw,False,False,False,False,False,Ireland,Egypt,0,0,Draw
448,1990,Italy,1990-06-21,Group Stage,1,Group F,Normal Time,False,False,False,False,False,Egypt,England,0,1,Loss
448,1990,Italy,1990-06-21,Group Stage,1,Group F,Normal Time,False,False,False,False,False,England,Egypt,1,0,Win
449,1990,Italy,1990-06-21,Group Stage,1,Group F,Draw,False,False,False,False,False,Ireland,Netherlands,1,1,Draw
449,1990,Italy,1990-06-21,Group Stage,1,Group F,Draw,False,False,False,False,False,Netherlands,Ireland,1,1,Draw
450,1990,Italy,1990-06-23,Round of 16,3,,Extra Time,False,True,False,False,False,Cameroon,Colombia,0,0,Win
450,1990,Italy,1990-06-23,Round of 16,3,,Extra Time,False,True,False,False,False,Colombia,Cameroon,0,0,Loss
451,1990,Italy,1990-06-23,Round of 16,3,,Normal Time,False,False,False,False,True,Costa Rica,Czechoslovakia,1,4,Loss
451,1990,Italy,1990-06-23,Round of 16,3,,Normal Time,False,False,False,False,True,Czechoslovakia,Costa Rica,4,1,Win
452,1990,Italy,1990-06-24,Round of 16,3,,Normal Time,False,False,False,False,False,Argentina,Brazil,1,0,Win
452,1990,Italy,1990-06-24,Round of 16,3,,Normal Time,False,False,False,False,False,Brazil,Argentina,0,1,Loss
453,1990,Italy,1990-06-24,Round of 16,3,,Normal Time,False,False,False,False,True,Netherlands,West Germany,1,2,Loss
453,1990,Italy,1990-06-24,Round of 16,3,,Normal Time,False,False,False,False,True,West Germany,Netherlands,2,1,Win
454,1990,Italy,1990-06-25,Round of 16,3,,Penalties,False,True,True,False,False,Ireland,Romania,0,0,Win
454,1990,Italy,1990-06-25,Round of 16,3,,Penalties,False,True,True,False,False,Romania,Ireland,0,0,Loss
455,1990,Italy,1990-06-25,Round of 16,3,,Normal Time,False,False,False,False,False,Italy,Uruguay,2,0,Win
455,1990,Italy,1990-06-25,Round of 16,3,,Normal Time,False,False,False,False,False,Uruguay,Italy,0,2,Loss
456,1990,Italy,1990-06-26,Round of 16,3,,Extra Time,False,True,False,False,True,Spain,Yugoslavia,1,1,Loss
456,1990,Italy,1990-06-26,Round of 16,3,,Extra Time,False,True,False,False,True,Yugoslavia,Spain,1,1,Win
457,1990,Italy,1990-06-26,Round of 16,3,,Extra Time,False,True,False,False,False,Belgium,England,0,0,Loss
457,1990,Italy,1990-06-26,Round of 16,3,,Extra Time,False,True,False,False,False,England,Belgium,0,0,Win
458,1990,Italy,1990-06-30,Quarter-final,4,,Penalties,False,True,True,False,True,Argentina,Yugoslavia,0,0,Win
458,1990,Italy,1990-06-30,Quarter-final,4,,Penalties,False,True,True,False,True,Yugoslavia,Argentina,0,0,Loss
459,1990,Italy,1990-06-30,Quarter-final,4,,Normal Time,False,False,False,False,False,Ireland,Italy,0,1,Loss
459,1990,Italy,1990-06-30,Quarter-final,4,,Normal Time,False,False,False,False,False,Italy,Ireland,1,0,Win
460,1990,Italy,1990-07-01,Quarter-final,4,,Normal Time,False,False,False,False,True,Czechoslovakia,West Germany,0,1,Loss
460,1990,Italy,1990-07-01,Quarter-final,4,,Normal Time,False,False,False,False,True,West Germany,Czechoslovakia,1,0,Win
461,1990,Italy,1990-07-01,Quarter-final,4,,Extra Time,False,True,False,False,False,Cameroon,England,2,2,Loss
461,1990,Italy,1990-07-01,Quarter-final,4,,Extra Time,False,True,False,False,False,England,Cameroon,2,2,Win
462,1990,Italy,1990-07-03,Semi-final,5,,Penalties,False,True,True,False,False,Argentina,Italy,1,1,Win
462,1990,Italy,1990-07-03,Semi-final,5,,Penalties,False,True,True,False,False,Italy,Argentina,1,1,Loss
463,1990,Italy,1990-07-04,Semi-final,5,,Penalties,False,True,True,False,True,England,West Germany,1,1,Loss
463,1990,Italy,1990-07-04,Semi-final,5,,Penalties,False,True,True,False,True,West Germany,England,1,1,Win
464,1990,Italy,1990-07-07,Third Place Play-off,6,,Normal Time,False,False,False,False,False,England,Italy,1,2,Loss
464,1990,Italy,1990-07-07,Third Place Play-off,6,,Normal Time,False,False,False,False,False,Italy,England,2,1,Win
465,1990,Italy,1990-07-08,Final,7,,Normal Time,False,False,False,False,True,Argentina,West Germany,0,1,Loss
465,1990,Italy,1990-07-08,Final,7,,Normal Time,False,False,False,False,True,West Germany,Argentina,1,0,Win
466,1994,United States,1994-06-18,Group Stage,1,Group A,Draw,False,False,False,False,False,Switzerland,United States,1,1,Draw
466,1994,United States,1994-06-18,Group Stage,1,Group A,Draw,False,False,False,False,False,United States,Switzerland,1,1,Draw
467,1994,United States,1994-06-18,Group Stage,1,Group A,Normal Time,False,False,False,False,False,Colombia,Romania,1,3,Loss
467,1994,United States,1994-06-18,Group Stage,1,Group A,Normal Time,False,False,False,False,False,Romania,Colombia,3,1,Win
468,1994,United States,1994-06-22,Group Stage,1,Group A,Normal Time,False,False,False,False,False,Romania,Switzerland,1,4,Loss
468,1994,United States,1994-06-22,Group Stage,1,Group A,Normal Time,False,False,False,False,False,Switzerland,Romania,4,1,Win
469,1994,United States,1994-06-22,Group Stage,1,Group A,Normal Time,False,False,False,False,False,Colombia,United States,1,2,Loss
469,1994,United States,1994-06-22,Group Stage,1,Group A,Normal Time,False,False,False,False,False,United States,Colombia,2,1,Win
470,1994,United States,1994-06-26,Group Stage,1,Group A,Normal Time,False,False,False,False,False,Romania,United States,1,0,Win
470,1994,United States,1994-06-26,Group Stage,1,Group A,Normal Time,False,False,False,False,False,United States,Romania,0,1,Loss
471,1994,United States,1994-06-26,Group Stage,1,Group A,Normal Time,False,False,False,False,False,Colombia,Switzerland,2,0,Win
471,1994,United States,1994-06-26,Group Stage,1,Group A,Normal Time,False,False,False,False,False,Switzerland,Colombia,0,2,Loss
472,1994,United States,1994-06-19,Group Stage,1,Group B,Draw,False,False,False,False,False,Cameroon,Sweden,2,2,Draw
472,1994,United States,1994-06-19,Group Stage,1,Group B,Draw,False,False,False,False,False,Sweden,Cameroon,2,2,Draw
473,1994,United States,1994-06-20,Group Stage,1,Group B,Normal Time,False,False,False,False,False,Brazil,Russia,2,0,Win
473,1994,United States,1994-06-20,Group Stage,1,Group B,Normal Time,False,False,False,False,False,Russia,Brazil,0,2,Loss
474,1994,United States,1994-06-24,Group Stage,1,Group B,Normal Time,False,False,False,False,False,Brazil,Cameroon,3,0,Win
474,1994,United States,1994-06-24,Group Stage,1,Group B,Normal Time,False,False,False,False,False,Cameroon,Brazil,0,3,Loss
475,1994,United States,1994-06-24,Group Stage,1,Group B,Normal Time,False,False,False,False,False,Russia,Sweden,1,3,Loss
475,1994,United States,1994-06-24,Group Stage,1,Group B,Normal Time,False,False,False,False,False,Sweden,Russia,3,1,Win
476,1994,United States,1994-06-28,Group Stage,1,Group B,Normal Time,False,False,False,False,False,Cameroon,Russia,1,6,Loss
476,1994,United States,1994-06-28,Group Stage,1,Group B,Normal Time,False,False,False,False,False,Russia,Cameroon,6,1,Win
477,1994,United States,1994-06-28,Group Stage,1,Group B,Draw,False,False,False,False,False,Brazil,Sweden,1,1,Draw
477,1994,United States,1994-06-28,Group Stage,1,Group B,Draw,False,False,False,False,False,Sweden,Brazil,1,1,Draw
478,1994,United States,1994-06-17,Group Stage,1,Group C,Normal Time,False,False,False,False,False,Bolivia,Germany,0,1,Loss
478,1994,United States,1994-06-17,Group Stage,1,Group C,Normal Time,False,False,False,False,False,Germany,Bolivia,1,0,Win
479,1994,United States,1994-06-17,Group Stage,1,Group C,Draw,False,False,False,False,False,South Korea,Spain,2,2,Draw
479,1994,United States,1994-06-17,Group Stage,1,Group C,Draw,False,False,False,False,False,Spain,South Korea,2,2,Draw
480,1994,United States,1994-06-21,Group Stage,1,Group C,Draw,False,False,False,False,False,Germany,Spain,1,1,Draw
480,1994,United States,1994-06-21,Group Stage,1,Group C,Draw,False,False,False,False,False,Spain,Germany,1,1,Draw
481,1994,United States,1994-06-23,Group Stage,1,Group C,Draw,False,False,False,False,False,Bolivia,South Korea,0,0,Draw
481,1994,United States,1994-06-23,Group Stage,1,Group C,Draw,False,False,False,False,False,South Korea,Bolivia,0,0,Draw
482,1994,United States,1994-06-27,Group Stage,1,Group C,Normal Time,False,False,False,False,False,Bolivia,Spain,1,3,Loss
482,1994,United States,1994-06-27,Group Stage,1,Group C,Normal Time,False,False,False,False,False,Spain,Bolivia,3,1,Win
483,1994,United States,1994-06-27,Group Stage,1,Group C,Normal Time,False,False,False,False,False,Germany,South Korea,3,2,Win
483,1994,United States,1994-06-27,Group Stage,1,Group C,Normal Time,False,False,False,False,False,South Korea,Germany,2,3,Loss
484,1994,United States,1994-06-21,Group Stage,1,Group D,Normal Time,False,False,False,False,False,Argentina,Greece,4,0,Win
484,1994,United States,1994-06-21,Group Stage,1,Group D,Normal Time,False,False,False,False,False,Greece,Argentina,0,4,Loss
485,1994,United States,1994-06-21,Group Stage,1,Group D,Normal Time,False,False,False,False,False,Bulgaria,Nigeria,0,3,Loss
485,1994,United States,1994-06-21,Group Stage,1,Group D,Normal Time,False,False,False,False,False,Nigeria,Bulgaria,3,0,Win
486,1994,United States,1994-06-25,Group Stage,1,Group D,Normal Time,False,False,False,False,False,Argentina,Nigeria,2,1,Win
486,1994,United States,1994-06-25,Group Stage,1,Group D,Normal Time,False,False,False,False,False,Nigeria,Argentina,1,2,Loss
487,1994,United States,1994-06-26,Group Stage,1,Group D,Normal Time,False,False,False,False,False,Bulgaria,Greece,4,0,Win
487,1994,United States,1994-06-26,Group Stage,1,Group D,Normal Time,False,False,False,False,False,Greece,Bulgaria,0,4,Loss
488,1994,United States,1994-06-30,Group Stage,1,Group D,Normal Time,False,False,False,False,False,Greece,Nigeria,0,2,Loss
488,1994,United States,1994-06-30,Group Stage,1,Group D,Normal Time,False,False,False,False,False,Nigeria,Greece,2,0,Win
489,1994,United States,1994-06-30,Group Stage,1,Group D,Normal Time,False,False,False,False,False,Argentina,Bulgaria,0,2,Loss
489,1994,United States,1994-06-30,Group Stage,1,Group D,Normal Time,False,False,False,False,False,Bulgaria,Argentina,2,0,Win
490,1994,United States,1994-06-18,Group Stage,1,Group E,Normal Time,False,False,False,False,False,Ireland,Italy,1,0,Win
490,1994,United States,1994-06-18,Group Stage,1,Group E,Normal Time,False,False,False,False,False,Italy,Ireland,0,1,Loss
491,1994,United States,1994-06-19,Group Stage,1,Group E,Normal Time,False,False,False,False,False,Mexico,Norway,0,1,Loss
491,1994,United States,1994-06-19,Group Stage,1,Group E,Normal Time,False,False,False,False,False,Norway,Mexico,1,0,Win
492,1994,United States,1994-06-23,Group Stage,1,Group E,Normal Time,False,False,False,False,False,Italy,Norway,1,0,Win
492,1994,United States,1994-06-23,Group Stage,1,Group E,Normal Time,False,False,False,False,False,Norway,Italy,0,1,Loss
493,1994,United States,1994-06-24,Group Stage,1,Group E,Normal Time,False,False,False,False,False,Ireland,Mexico,1,2,Loss
493,1994,United States,1994-06-24,Group Stage,1,Group E,Normal Time,False,False,False,False,False,Mexico,Ireland,2,1,Win
494,1994,United States,1994-06-28,Group Stage,1,Group E,Draw,False,False,False,False,False,Ireland,Norway,0,0,Draw
494,1994,United States,1994-06-28,Group Stage,1,Group E,Draw,False,False,False,False,False,Norway,Ireland,0,0,Draw
495,1994,United States,1994-06-28,Group Stage,1,Group E,Draw,False,False,False,False,False,Italy,Mexico,1,1,Draw
495,1994,United States,1994-06-28,Group Stage,1,Group E,Draw,False,False,False,False,False,Mexico,Italy,1,1,Draw
496,1994,United States,1994-06-19,Group Stage,1,Group F,Normal Time,False,False,False,False,False,Belgium,Morocco,1,0,Win
496,1994,United States,1994-06-19,Group Stage,1,Group F,Normal Time,False,False,False,False,False,Morocco,Belgium,0,1,Loss
497,1994,United States,1994-06-20,Group Stage,1,Group F,Normal Time,False,False,False,False,False,Netherlands,Saudi Arabia,2,1,Win
497,1994,United States,1994-06-20,Group Stage,1,Group F,Normal Time,False,False,False,False,False,Saudi Arabia,Netherlands,1,2,Loss
498,1994,United States,1994-06-25,Group Stage,1,Group F,Normal Time,False,False,False,False,False,Belgium,Netherlands,1,0,Win
498,1994,United States,1994-06-25,Group Stage,1,Group F,Normal Time,False,False,False,False,False,Netherlands,Belgium,0,1,Loss
499,1994,United States,1994-06-25,Group Stage,1,Group F,Normal Time,False,False,False,False,False,Morocco,Saudi Arabia,1,2,Loss
499,1994,United States,1994-06-25,Group Stage,1,Group F,Normal Time,False,False,False,False,False,Saudi Arabia,Morocco,2,1,Win
500,1994,United States,1994-06-29,Group Stage,1,Group F,Normal Time,False,False,False,False,False,Morocco,Netherlands,1,2,Loss
500,1994,United States,1994-06-29,Group Stage,1,Group F,Normal Time,False,False,False,False,False,Netherlands,Morocco,2,1,Win
501,1994,United States,1994-06-29,Group Stage,1,Group F,Normal Time,False,False,False,False,False,Belgium,Saudi Arabia,0,1,Loss
501,1994,United States,1994-06-29,Group Stage,1,Group F,Normal Time,False,False,False,False,False,Saudi Arabia,Belgium,1,0,Win
502,1994,United States,1994-07-02,Round of 16,3,,Normal Time,False,False,False,False,False,Belgium,Germany,2,3,Loss
502,1994,United States,1994-07-02,Round of 16,3,,Normal Time,False,False,False,False,False,Germany,Belgium,3,2,Win
503,1994,United States,1994-07-02,Round of 16,3,,Normal Time,False,False,False,False,False,Spain,Switzerland,3,0,Win
503,1994,United States,1994-07-02,Round of 16,3,,Normal Time,False,False,False,False,False,Switzerland,Spain,0,3,Loss
504,1994,United States,1994-07-03,Round of 16,3,,Normal Time,False,False,False,False,False,Saudi Arabia,Sweden,1,3,Loss
504,1994,United States,1994-07-03,Round of 16,3,,Normal Time,False,False,False,False,False,Sweden,Saudi Arabia,3,1,Win
505,1994,United States,1994-07-03,Round of 16,3,,Normal Time,False,False,False,False,False,Argentina,Romania,2,3,Loss
505,1994,United States,1994-07-03,Round of 16,3,,Normal Time,False,False,False,False,False,Romania,Argentina,3,2,Win
506,1994,United States,1994-07-04,Round of 16,3,,Normal Time,False,False,False,False,False,Ireland,Netherlands,0,2,Loss
506,1994,United States,1994-07-04,Round of 16,3,,Normal Time,False,False,False,False,False,Netherlands,Ireland,2,0,Win
507,1994,United States,1994-07-04,Round of 16,3,,Normal Time,False,False,False,False,False,Brazil,United States,1,0,Win
507,1994,United States,1994-07-04,Round of 16,3,,Normal Time,False,False,False,False,False,United States,Brazil,0,1,Loss
508,1994,United States,1994-07-05,Round of 16,3,,Extra Time,False,True,False,False,False,Italy,Nigeria,1,1,Win
508,1994,United States,1994-07-05,Round of 16,3,,Extra Time,False,True,False,False,False,Nigeria,Italy,1,1,Loss
509,1994,United States,1994-07-05,Round of 16,3,,Penalties,False,True,True,False,False,Bulgaria,Mexico,1,1,Win
509,1994,United States,1994-07-05,Round of 16,3,,Penalties,False,True,True,False,False,Mexico,Bulgaria,1,1,Loss
510,1994,United States,1994-07-09,Quarter-final,4,,Normal Time,False,False,False,False,False,Italy,Spain,2,1,Win
510,1994,United States,1994-07-09,Quarter-final,4,,Normal Time,False,False,False,False,False,Spain,Italy,1,2,Loss
511,1994,United States,1994-07-09,Quarter-final,4,,Normal Time,False,False,False,False,False,Brazil,Netherlands,3,2,Win
511,1994,United States,1994-07-09,Quarter-final,4,,Normal Time,False,False,False,False,False,Netherlands,Brazil,2,3,Loss
512,1994,United States,1994-07-10,Quarter-final,4,,Normal Time,False,False,False,False,False,Bulgaria,Germany,2,1,Win
512,1994,United States,1994-07-10,Quarter-final,4,,Normal Time,False,False,False,False,False,Germany,Bulgaria,1,2,Loss
513,1994,United States,1994-07-10,Quarter-final,4,,Penalties,False,True,True,False,False,Romania,Sweden,1,1,Loss
513,1994,United States,1994-07-10,Quarter-final,4,,Penalties,False,True,True,False,False,Sweden,Romania,1,1,Win
514,1994,United States,1994-07-13,Semi-final,5,,Normal Time,False,False,False,False,False,Bulgaria,Italy,1,2,Loss
514,1994,United States,1994-07-13,Semi-final,5,,Normal Time,False,False,False,False,False,Italy,Bulgaria,2,1,Win
515,1994,United States,1994-07-13,Semi-final,5,,Normal Time,False,False,False,False,False,Brazil,Sweden,1,0,Win
515,1994,United States,1994-07-13,Semi-final,5,,Normal Time,False,False,False,False,False,Sweden,Brazil,0,1,Loss
516,1994,United States,1994-07-16,Third-place match,6,,Normal Time,False,False,False,False,False,Bulgaria,Sweden,0,4,Loss
516,1994,United States,1994-07-16,Third-place match,6,,Normal Time,False,False,False,False,False,Sweden,Bulgaria,4,0,Win
517,1994,United States,1994-07-17,Final,7,,Penalties,False,True,True,False,False,Brazil,Italy,0,0,Win
517,1994,United States,1994-07-17,Final,7,,Penalties,False,True,True,False,False,Italy,Brazil,0,0,Loss
518,1998,France,1998-06-10,Group Stage,1,Group A,Normal Time,False,False,False,False,False,Brazil,Scotland,2,1,Win
518,1998,France,1998-06-10,Group Stage,1,Group A,Normal Time,False,False,False,False,False,Scotland,Brazil,1,2,Loss
519,1998,France,1998-06-10,Group Stage,1,Group A,Draw,False,False,False,False,False,Morocco,Norway,2,2,Draw
519,1998,France,1998-06-10,Group Stage,1,Group A,Draw,False,False,False,False,False,Norway,Morocco,2,2,Draw
520,1998,France,1998-06-16,Group Stage,1,Group A,Draw,False,False,False,False,False,Norway,Scotland,1,1,Draw
520,1998,France,1998-06-16,Group Stage,1,Group A,Draw,False,False,False,False,False,Scotland,Norway,1,1,Draw
521,1998,France,1998-06-16,Group Stage,1,Group A,Normal Time,False,False,False,False,False,Brazil,Morocco,3,0,Win
521,1998,France,1998-06-16,Group Stage,1,Group A,Normal Time,False,False,False,False,False,Morocco,Brazil,0,3,Loss
522,1998,France,1998-06-23,Group Stage,1,Group A,Normal Time,False,False,False,False,False,Morocco,Scotland,3,0,Win
522,1998,France,1998-06-23,Group Stage,1,Group A,Normal Time,False,False,False,False,False,Scotland,Morocco,0,3,Loss
523,1998,France,1998-06-23,Group Stage,1,Group A,Normal Time,False,False,False,False,False,Brazil,Norway,1,2,Loss
523,1998,France,1998-06-23,Group Stage,1,Group A,Normal Time,False,False,False,False,False,Norway,Brazil,2,1,Win
524,1998,France,1998-06-11,Group Stage,1,Group B,Draw,False,False,False,False,False,Austria,Cameroon,1,1,Draw
524,1998,France,1998-06-11,Group Stage,1,Group B,Draw,False,False,False,False,False,Cameroon,Austria,1,1,Draw
525,1998,France,1998-06-11,Group Stage,1,Group B,Draw,False,False,False,False,False,Chile,Italy,2,2,Draw
525,1998,France,1998-06-11,Group Stage,1,Group B,Draw,False,False,False,False,False,Italy,Chile,2,2,Draw
526,1998,France,1998-06-17,Group Stage,1,Group B,Draw,False,False,False,False,False,Austria,Chile,1,1,Draw
526,1998,France,1998-06-17,Group Stage,1,Group B,Draw,False,False,False,False,False,Chile,Austria,1,1,Draw
527,1998,France,1998-06-17,Group Stage,1,Group B,Normal Time,False,False,False,False,False,Cameroon,Italy,0,3,Loss
527,1998,France,1998-06-17,Group Stage,1,Group B,Normal Time,False,False,False,False,False,Italy,Cameroon,3,0,Win
528,1998,France,1998-06-23,Group Stage,1,Group B,Normal Time,False,False,False,False,False,Austria,Italy,1,2,Loss
528,1998,France,1998-06-23,Group Stage,1,Group B,Normal Time,False,False,False,False,False,Italy,Austria,2,1,Win
529,1998,France,1998-06-23,Group Stage,1,Group B,Draw,False,False,False,False,False,Cameroon,Chile,1,1,Draw
529,1998,France,1998-06-23,Group Stage,1,Group B,Draw,False,False,False,False,False,Chile,Cameroon,1,1,Draw
530,1998,France,1998-06-12,Group Stage,1,Group C,Normal Time,False,False,False,False,False,Denmark,Saudi Arabia,1,0,Win
530,1998,France,1998-06-12,Group Stage,1,Group C,Normal Time,False,False,False,False,False,Saudi Arabia,Denmark,0,1,Loss
531,1998,France,1998-06-12,Group Stage,1,Group C,Normal Time,False,False,False,False,False,France,South Africa,3,0,Win
531,1998,France,1998-06-12,Group Stage,1,Group C,Normal Time,False,False,False,False,False,South Africa,France,0,3,Loss
532,1998,France,1998-06-18,Group Stage,1,Group C,Normal Time,False,False,False,False,False,France,Saudi Arabia,4,0,Win
532,1998,France,1998-06-18,Group Stage,1,Group C,Normal Time,False,False,False,False,False,Saudi Arabia,France,0,4,Loss
533,1998,France,1998-06-18,Group Stage,1,Group C,Draw,False,False,False,False,False,Denmark,South Africa,1,1,Draw
533,1998,France,1998-06-18,Group Stage,1,Group C,Draw,False,False,False,False,False,South Africa,Denmark,1,1,Draw
534,1998,France,1998-06-24,Group Stage,1,Group C,Normal Time,False,False,False,False,False,Denmark,France,1,2,Loss
534,1998,France,1998-06-24,Group Stage,1,Group C,Normal Time,False,False,False,False,False,France,Denmark,2,1,Win
535,1998,France,1998-06-24,Group Stage,1,Group C,Draw,False,False,False,False,False,Saudi Arabia,South Africa,2,2,Draw
535,1998,France,1998-06-24,Group Stage,1,Group C,Draw,False,False,False,False,False,South Africa,Saudi Arabia,2,2,Draw
536,1998,France,1998-06-12,Group Stage,1,Group D,Draw,False,False,False,False,False,Bulgaria,Paraguay,0,0,Draw
536,1998,France,1998-06-12,Group Stage,1,Group D,Draw,False,False,False,False,False,Paraguay,Bulgaria,0,0,Draw
537,1998,France,1998-06-13,Group Stage,1,Group D,Normal Time,False,False,False,False,False,Nigeria,Spain,3,2,Win
537,1998,France,1998-06-13,Group Stage,1,Group D,Normal Time,False,False,False,False,False,Spain,Nigeria,2,3,Loss
538,1998,France,1998-06-19,Group Stage,1,Group D,Normal Time,False,False,False,False,False,Bulgaria,Nigeria,0,1,Loss
538,1998,France,1998-06-19,Group Stage,1,Group D,Normal Time,False,False,False,False,False,Nigeria,Bulgaria,1,0,Win
539,1998,France,1998-06-19,Group Stage,1,Group D,Draw,False,False,False,False,False,Paraguay,Spain,0,0,Draw
539,1998,France,1998-06-19,Group Stage,1,Group D,Draw,False,False,False,False,False,Spain,Paraguay,0,0,Draw
540,1998,France,1998-06-24,Group Stage,1,Group D,Normal Time,False,False,False,False,False,Bulgaria,Spain,1,6,Loss
540,1998,France,1998-06-24,Group Stage,1,Group D,Normal Time,False,False,False,False,False,Spain,Bulgaria,6,1,Win
541,1998,France,1998-06-24,Group Stage,1,Group D,Normal Time,False,False,False,False,False,Nigeria,Paraguay,1,3,Loss
541,1998,France,1998-06-24,Group Stage,1,Group D,Normal Time,False,False,False,False,False,Paraguay,Nigeria,3,1,Win
542,1998,France,1998-06-13,Group Stage,1,Group E,Draw,False,False,False,False,False,Belgium,Netherlands,0,0,Draw
542,1998,France,1998-06-13,Group Stage,1,Group E,Draw,False,False,False,False,False,Netherlands,Belgium,0,0,Draw
543,1998,France,1998-06-13,Group Stage,1,Group E,Normal Time,False,False,False,False,False,Mexico,South Korea,3,1,Win
543,1998,France,1998-06-13,Group Stage,1,Group E,Normal Time,False,False,False,False,False,South Korea,Mexico,1,3,Loss
544,1998,France,1998-06-20,Group Stage,1,Group E,Normal Time,False,False,False,False,False,Netherlands,South Korea,5,0,Win
544,1998,France,1998-06-20,Group Stage,1,Group E,Normal Time,False,False,False,False,False,South Korea,Netherlands,0,5,Loss
545,1998,France,1998-06-20,Group Stage,1,Group E,Draw,False,False,False,False,False,Belgium,Mexico,2,2,Draw
545,1998,France,1998-06-20,Group Stage,1,Group E,Draw,False,False,False,False,False,Mexico,Belgium,2,2,Draw
546,1998,France,1998-06-25,Group Stage,1,Group E,Draw,False,False,False,False,False,Belgium,South Korea,1,1,Draw
546,1998,France,1998-06-25,Group Stage,1,Group E,Draw,False,False,False,False,False,South Korea,Belgium,1,1,Draw
547,1998,France,1998-06-25,Group Stage,1,Group E,Draw,False,False,False,False,False,Mexico,Netherlands,2,2,Draw
547,1998,France,1998-06-25,Group Stage,1,Group E,Draw,False,False,False,False,False,Netherlands,Mexico,2,2,Draw
548,1998,France,1998-06-14,Group Stage,1,Group F,Normal Time,False,False,False,False,True,Iran,Yugoslavia,0,1,Loss
548,1998,France,1998-06-14,Group Stage,1,Group F,Normal Time,False,False,False,False,True,Yugoslavia,Iran,1,0,Win
549,1998,France,1998-06-15,Group Stage,1,Group F,Normal Time,False,False,False,False,False,Germany,United States,2,0,Win
549,1998,France,1998-06-15,Group Stage,1,Group F,Normal Time,False,False,False,False,False,United States,Germany,0,2,Loss
550,1998,France,1998-06-21,Group Stage,1,Group F,Draw,False,False,False,False,True,Germany,Yugoslavia,2,2,Draw
550,1998,France,1998-06-21,Group Stage,1,Group F,Draw,False,False,False,False,True,Yugoslavia,Germany,2,2,Draw
551,1998,France,1998-06-21,Group Stage,1,Group F,Normal Time,False,False,False,False,False,Iran,United States,2,1,Win
551,1998,France,1998-06-21,Group Stage,1,Group F,Normal Time,False,False,False,False,False,United States,Iran,1,2,Loss
552,1998,France,1998-06-25,Group Stage,1,Group F,Normal Time,False,False,False,False,False,Germany,Iran,2,0,Win
552,1998,France,1998-06-25,Group Stage,1,Group F,Normal Time,False,False,False,False,False,Iran,Germany,0,2,Loss
553,1998,France,1998-06-25,Group Stage,1,Group F,Normal Time,False,False,False,False,True,United States,Yugoslavia,0,1,Loss
553,1998,France,1998-06-25,Group Stage,1,Group F,Normal Time,False,False,False,False,True,Yugoslavia,United States,1,0,Win
554,1998,France,1998-06-15,Group Stage,1,Group G,Normal Time,False,False,False,False,False,Colombia,Romania,0,1,Loss
554,1998,France,1998-06-15,Group Stage,1,Group G,Normal Time,False,False,False,False,False,Romania,Colombia,1,0,Win
555,1998,France,1998-06-15,Group Stage,1,Group G,Normal Time,False,False,False,False,False,England,Tunisia,2,0,Win
555,1998,France,1998-06-15,Group Stage,1,Group G,Normal Time,False,False,False,False,False,Tunisia,England,0,2,Loss
556,1998,France,1998-06-22,Group Stage,1,Group G,Normal Time,False,False,False,False,False,Colombia,Tunisia,1,0,Win
556,1998,France,1998-06-22,Group Stage,1,Group G,Normal Time,False,False,False,False,False,Tunisia,Colombia,0,1,Loss
557,1998,France,1998-06-22,Group Stage,1,Group G,Normal Time,False,False,False,False,False,England,Romania,1,2,Loss
557,1998,France,1998-06-22,Group Stage,1,Group G,Normal Time,False,False,False,False,False,Romania,England,2,1,Win
558,1998,France,1998-06-26,Group Stage,1,Group G,Draw,False,False,False,False,False,Romania,Tunisia,1,1,Draw
558,1998,France,1998-06-26,Group Stage,1,Group G,Draw,False,False,False,False,False,Tunisia,Romania,1,1,Draw
559,1998,France,1998-06-26,Group Stage,1,Group G,Normal Time,False,False,False,False,False,Colombia,England,0,2,Loss
559,1998,France,1998-06-26,Group Stage,1,Group G,Normal Time,False,False,False,False,False,England,Colombia,2,0,Win
560,1998,France,1998-06-14,Group Stage,1,Group H,Normal Time,False,False,False,False,False,Croatia,Jamaica,3,1,Win
560,1998,France,1998-06-14,Group Stage,1,Group H,Normal Time,False,False,False,False,False,Jamaica,Croatia,1,3,Loss
561,1998,France,1998-06-14,Group Stage,1,Group H,Normal Time,False,False,False,False,False,Argentina,Japan,1,0,Win
561,1998,France,1998-06-14,Group Stage,1,Group H,Normal Time,False,False,False,False,False,Japan,Argentina,0,1,Loss
562,1998,France,1998-06-20,Group Stage,1,Group H,Normal Time,False,False,False,False,False,Croatia,Japan,1,0,Win
562,1998,France,1998-06-20,Group Stage,1,Group H,Normal Time,False,False,False,False,False,Japan,Croatia,0,1,Loss
563,1998,France,1998-06-21,Group Stage,1,Group H,Normal Time,False,False,False,False,False,Argentina,Jamaica,5,0,Win
563,1998,France,1998-06-21,Group Stage,1,Group H,Normal Time,False,False,False,False,False,Jamaica,Argentina,0,5,Loss
564,1998,France,1998-06-26,Group Stage,1,Group H,Normal Time,False,False,False,False,False,Jamaica,Japan,2,1,Win
564,1998,France,1998-06-26,Group Stage,1,Group H,Normal Time,False,False,False,False,False,Japan,Jamaica,1,2,Loss
565,1998,France,1998-06-26,Group Stage,1,Group H,Normal Time,False,False,False,False,False,Argentina,Croatia,1,0,Win
565,1998,France,1998-06-26,Group Stage,1,Group H,Normal Time,False,False,False,False,False,Croatia,Argentina,0,1,Loss
566,1998,France,1998-06-27,Round of 16,3,,Normal Time,False,False,False,False,False,Brazil,Chile,4,1,Win
566,1998,France,1998-06-27,Round of 16,3,,Normal Time,False,False,False,False,False,Chile,Brazil,1,4,Loss
567,1998,France,1998-06-27,Round of 16,3,,Normal Time,False,False,False,False,False,Italy,Norway,1,0,Win
567,1998,France,1998-06-27,Round of 16,3,,Normal Time,False,False,False,False,False,Norway,Italy,0,1,Loss
568,1998,France,1998-06-28,Round of 16,3,,Normal Time,False,False,False,False,False,Denmark,Nigeria,4,1,Win
568,1998,France,1998-06-28,Round of 16,3,,Normal Time,False,False,False,False,False,Nigeria,Denmark,1,4,Loss
569,1998,France,1998-06-28,Round of 16,3,,Extra Time,False,True,False,False,False,France,Paraguay,0,0,Win
569,1998,France,1998-06-28,Round of 16,3,,Extra Time,False,True,False,False,False,Paraguay,France,0,0,Loss
570,1998,France,1998-06-29,Round of 16,3,,Normal Time,False,False,False,False,False,Germany,Mexico,2,1,Win
570,1998,France,1998-06-29,Round of 16,3,,Normal Time,False,False,False,False,False,Mexico,Germany,1,2,Loss
571,1998,France,1998-06-29,Round of 16,3,,Normal Time,False,False,False,False,True,Netherlands,Yugoslavia,2,1,Win
571,1998,France,1998-06-29,Round of 16,3,,Normal Time,False,False,False,False,True,Yugoslavia,Netherlands,1,2,Loss
572,1998,France,1998-06-30,Round of 16,3,,Penalties,False,True,True,False,False,Argentina,England,2,2,Win
572,1998,France,1998-06-30,Round of 16,3,,Penalties,False,True,True,False,False,England,Argentina,2,2,Loss
573,1998,France,1998-06-30,Round of 16,3,,Normal Time,False,False,False,False,False,Croatia,Romania,1,0,Win
573,1998,France,1998-06-30,Round of 16,3,,Normal Time,False,False,False,False,False,Romania,Croatia,0,1,Loss
574,1998,France,1998-07-03,Quarter-final,4,,Penalties,False,True,True,False,False,France,Italy,0,0,Win
574,1998,France,1998-07-03,Quarter-final,4,,Penalties,False,True,True,False,False,Italy,France,0,0,Loss
575,1998,France,1998-07-03,Quarter-final,4,,Normal Time,False,False,False,False,False,Brazil,Denmark,3,2,Win
575,1998,France,1998-07-03,Quarter-final,4,,Normal Time,False,False,False,False,False,Denmark,Brazil,2,3,Loss
576,1998,France,1998-07-04,Quarter-final,4,,Normal Time,False,False,False,False,False,Croatia,Germany,3,0,Win
576,1998,France,1998-07-04,Quarter-final,4,,Normal Time,False,False,False,False,False,Germany,Croatia,0,3,Loss
577,1998,France,1998-07-04,Quarter-final,4,,Normal Time,False,False,False,False,False,Argentina,Netherlands,1,2,Loss
577,1998,France,1998-07-04,Quarter-final,4,,Normal Time,False,False,False,False,False,Netherlands,Argentina,2,1,Win
578,1998,France,1998-07-07,Semi-final,5,,Penalties,False,True,True,False,False,Brazil,Netherlands,1,1,Win
578,1998,France,1998-07-07,Semi-final,5,,Penalties,False,True,True,False,False,Netherlands,Brazil,1,1,Loss
579,1998,France,1998-07-08,Semi-final,5,,Normal Time,False,False,False,False,False,Croatia,France,1,2,Loss
579,1998,France,1998-07-08,Semi-final,5,,Normal Time,False,False,False,False,False,France,Croatia,2,1,Win
580,1998,France,1998-07-11,Third Place Play-off,6,,Normal Time,False,False,False,False,False,Croatia,Netherlands,2,1,Win
580,1998,France,1998-07-11,Third Place Play-off,6,,Normal Time,False,False,False,False,False,Netherlands,Croatia,1,2,Loss
581,1998,France,1998-07-12,Final,7,,Normal Time,False,False,False,False,False,Brazil,France,0,3,Loss
581,1998,France,1998-07-12,Final,7,,Normal Time,False,False,False,False,False,France,Brazil,3,0,Win
582,2002,"South Korea, Japan",2002-05-31,Group Stage,1,Group A,Normal Time,False,False,False,False,False,France,Senegal,0,1,Loss
582,2002,"South Korea, Japan",2002-05-31,Group Stage,1,Group A,Normal Time,False,False,False,False,False,Senegal,France,1,0,Win
583,2002,"South Korea, Japan",2002-06-01,Group Stage,1,Group A,Normal Time,False,False,False,False,False,Denmark,Uruguay,2,1,Win
583,2002,"South Korea, Japan",2002-06-01,Group Stage,1,Group A,Normal Time,False,False,False,False,False,Uruguay,Denmark,1,2,Loss
584,2002,"South Korea, Japan",2002-06-06,Group Stage,1,Group A,Draw,False,False,False,False,False,France,Uruguay,0,0,Draw
584,2002,"South Korea, Japan",2002-06-06,Group Stage,1,Group A,Draw,False,False,False,False,False,Uruguay,France,0,0,Draw
585,2002,"South Korea, Japan",2002-06-06,Group Stage,1,Group A,Draw,False,False,False,False,False,Denmark,Senegal,1,1,Draw
585,2002,"South Korea, Japan",2002-06-06,Group Stage,1,Group A,Draw,False,False,False,False,False,Senegal,Denmark,1,1,Draw
586,2002,"South Korea, Japan",2002-06-11,Group Stage,1,Group A,Normal Time,False,False,False,False,False,Denmark,France,2,0,Win
586,2002,"South Korea, Japan",2002-06-11,Group Stage,1,Group A,Normal Time,False,False,False,False,False,France,Denmark,0,2,Loss
587,2002,"South Korea, Japan",2002-06-11,Group Stage,1,Group A,Draw,False,False,False,False,False,Senegal,Uruguay,3,3,Draw
587,2002,"South Korea, Japan",2002-06-11,Group Stage,1,Group A,Draw,False,False,False,False,False,Uruguay,Senegal,3,3,Draw
588,2002,"South Korea, Japan",2002-06-02,Group Stage,1,Group B,Draw,False,False,False,False,False,Paraguay,South Africa,2,2,Draw
588,2002,"South Korea, Japan",2002-06-02,Group Stage,1,Group B,Draw,False,False,False,False,False,South Africa,Paraguay,2,2,Draw
589,2002,"South Korea, Japan",2002-06-02,Group Stage,1,Group B,Normal Time,False,False,False,False,False,Slovenia,Spain,1,3,Loss
589,2002,"South Korea, Japan",2002-06-02,Group Stage,1,Group B,Normal Time,False,False,False,False,False,Spain,Slovenia,3,1,Win
590,2002,"South Korea, Japan",2002-06-07,Group Stage,1,Group B,Normal Time,False,False,False,False,False,Paraguay,Spain,1,3,Loss
590,2002,"South Korea, Japan",2002-06-07,Group Stage,1,Group B,Normal Time,False,False,False,False,False,Spain,Paraguay,3,1,Win
591,2002,"South Korea, Japan",2002-06-08,Group Stage,1,Group B,Normal Time,False,False,False,False,False,Slovenia,South Africa,0,1,Loss
591,2002,"South Korea, Japan",2002-06-08,Group Stage,1,Group B,Normal Time,False,False,False,False,False,South Africa,Slovenia,1,0,Win
592,2002,"South Korea, Japan",2002-06-12,Group Stage,1,Group B,Normal Time,False,False,False,False,False,South Africa,Spain,2,3,Loss
592,2002,"South Korea, Japan",2002-06-12,Group Stage,1,Group B,Normal Time,False,False,False,False,False,Spain,South Africa,3,2,Win
593,2002,"South Korea, Japan",2002-06-12,Group Stage,1,Group B,Normal Time,False,False,False,False,False,Paraguay,Slovenia,3,1,Win
593,2002,"South Korea, Japan",2002-06-12,Group Stage,1,Group B,Normal Time,False,False,False,False,False,Slovenia,Paraguay,1,3,Loss
594,2002,"South Korea, Japan",2002-06-03,Group Stage,1,Group C,Normal Time,False,False,False,False,False,Brazil,Turkey,2,1,Win
594,2002,"South Korea, Japan",2002-06-03,Group Stage,1,Group C,Normal Time,False,False,False,False,False,Turkey,Brazil,1,2,Loss
595,2002,"South Korea, Japan",2002-06-04,Group Stage,1,Group C,Normal Time,False,False,False,False,False,China,Costa Rica,0,2,Loss
595,2002,"South Korea, Japan",2002-06-04,Group Stage,1,Group C,Normal Time,False,False,False,False,False,Costa Rica,China,2,0,Win
596,2002,"South Korea, Japan",2002-06-08,Group Stage,1,Group C,Normal Time,False,False,False,False,False,Brazil,China,4,0,Win
596,2002,"South Korea, Japan",2002-06-08,Group Stage,1,Group C,Normal Time,False,False,False,False,False,China,Brazil,0,4,Loss
597,2002,"South Korea, Japan",2002-06-09,Group Stage,1,Group C,Draw,False,False,False,False,False,Costa Rica,Turkey,1,1,Draw
597,2002,"South Korea, Japan",2002-06-09,Group Stage,1,Group C,Draw,False,False,False,False,False,Turkey,Costa Rica,1,1,Draw
598,2002,"South Korea, Japan",2002-06-13,Group Stage,1,Group C,Normal Time,False,False,False,False,False,Brazil,Costa Rica,5,2,Win
598,2002,"South Korea, Japan",2002-06-13,Group Stage,1,Group C,Normal Time,False,False,False,False,False,Costa Rica,Brazil,2,5,Loss
599,2002,"South Korea, Japan",2002-06-13,Group Stage,1,Group C,Normal Time,False,False,False,False,False,China,Turkey,0,3,Loss
599,2002,"South Korea, Japan",2002-06-13,Group Stage,1,Group C,Normal Time,False,False,False,False,False,Turkey,China,3,0,Win
600,2002,"South Korea, Japan",2002-06-04,Group Stage,1,Group D,Normal Time,False,False,False,False,False,Poland,South Korea,0,2,Loss
600,2002,"South Korea, Japan",2002-06-04,Group Stage,1,Group D,Normal Time,False,False,False,False,False,South Korea,Poland,2,0,Win
601,2002,"South Korea, Japan",2002-06-05,Group Stage,1,Group D,Normal Time,False,False,False,False,False,Portugal,United States,2,3,Loss
601,2002,"South Korea, Japan",2002-06-05,Group Stage,1,Group D,Normal Time,False,False,False,False,False,United States,Portugal,3,2,Win
602,2002,"South Korea, Japan",2002-06-10,Group Stage,1,Group D,Draw,False,False,False,False,False,South Korea,United States,1,1,Draw
602,2002,"South Korea, Japan",2002-06-10,Group Stage,1,Group D,Draw,False,False,False,False,False,United States,South Korea,1,1,Draw
603,2002,"South Korea, Japan",2002-06-10,Group Stage,1,Group D,Normal Time,False,False,False,False,False,Poland,Portugal,0,4,Loss
603,2002,"South Korea, Japan",2002-06-10,Group Stage,1,Group D,Normal Time,False,False,False,False,False,Portugal,Poland,4,0,Win
604,2002,"South Korea, Japan",2002-06-14,Group Stage,1,Group D,Normal Time,False,False,False,False,False,Portugal,South Korea,0,1,Loss
604,2002,"South Korea, Japan",2002-06-14,Group Stage,1,Group D,Normal Time,False,False,False,False,False,South Korea,Portugal,1,0,Win
605,2002,"South Korea, Japan",2002-06-14,Group Stage,1,Group D,Normal Time,False,False,False,False,False,Poland,United States,3,1,Win
605,2002,"South Korea, Japan",2002-06-14,Group Stage,1,Group D,Normal Time,False,False,False,False,False,United States,Poland,1,3,Loss
606,2002,"South Korea, Japan",2002-06-01,Group Stage,1,Group E,Draw,False,False,False,False,False,Cameroon,Ireland,1,1,Draw
606,2002,"South Korea, Japan",2002-06-01,Group Stage,1,Group E,Draw,False,False,False,False,False,Ireland,Cameroon,1,1,Draw
607,2002,"South Korea, Japan",2002-06-01,Group Stage,1,Group E,Normal Time,False,False,False,False,False,Germany,Saudi Arabia,8,0,Win
607,2002,"South Korea, Japan",2002-06-01,Group Stage,1,Group E,Normal Time,False,False,False,False,False,Saudi Arabia,Germany,0,8,Loss
608,2002,"South Korea, Japan",2002-06-05,Group Stage,1,Group E,Draw,False,False,False,False,False,Germany,Ireland,1,1,Draw
608,2002,"South Korea, Japan",2002-06-05,Group Stage,1,Group E,Draw,False,False,False,False,False,Ireland,Germany,1,1,Draw
609,2002,"South Korea, Japan",2002-06-06,Group Stage,1,Group E,Normal Time,False,False,False,False,False,Cameroon,Saudi Arabia,1,0,Win
609,2002,"South Korea, Japan",2002-06-06,Group Stage,1,Group E,Normal Time,False,False,False,False,False,Saudi Arabia,Cameroon,0,1,Loss
610,2002,"South Korea, Japan",2002-06-11,Group Stage,1,Group E,Normal Time,False,False,False,False,False,Cameroon,Germany,0,2,Loss
610,2002,"South Korea, Japan",2002-06-11,Group Stage,1,Group E,Normal Time,False,False,False,False,False,Germany,Cameroon,2,0,Win
611,2002,"South Korea, Japan",2002-06-11,Group Stage,1,Group E,Normal Time,False,False,False,False,False,Ireland,Saudi Arabia,3,0,Win
611,2002,"South Korea, Japan",2002-06-11,Group Stage,1,Group E,Normal Time,False,False,False,False,False,Saudi Arabia,Ireland,0,3,Loss
612,2002,"South Korea, Japan",2002-06-02,Group Stage,1,Group F,Draw,False,False,False,False,False,England,Sweden,1,1,Draw
612,2002,"South Korea, Japan",2002-06-02,Group Stage,1,Group F,Draw,False,False,False,False,False,Sweden,England,1,1,Draw
613,2002,"South Korea, Japan",2002-06-02,Group Stage,1,Group F,Normal Time,False,False,False,False,False,Argentina,Nigeria,1,0,Win
613,2002,"South Korea, Japan",2002-06-02,Group Stage,1,Group F,Normal Time,False,False,False,False,False,Nigeria,Argentina,0,1,Loss
614,2002,"South Korea, Japan",2002-06-07,Group Stage,1,Group F,Normal Time,False,False,False,False,False,Nigeria,Sweden,1,2,Loss
614,2002,"South Korea, Japan",2002-06-07,Group Stage,1,Group F,Normal Time,False,False,False,False,False,Sweden,Nigeria,2,1,Win
615,2002,"South Korea, Japan",2002-06-07,Group Stage,1,Group F,Normal Time,False,False,False,False,False,Argentina,England,0,1,Loss
615,2002,"South Korea, Japan",2002-06-07,Group Stage,1,Group F,Normal Time,False,False,False,False,False,England,Argentina,1,0,Win
616,2002,"South Korea, Japan",2002-06-12,Group Stage,1,Group F,Draw,False,False,False,False,False,Argentina,Sweden,1,1,Draw
616,2002,"South Korea, Japan",2002-06-12,Group Stage,1,Group F,Draw,False,False,False,False,False,Sweden,Argentina,1,1,Draw
617,2002,"South Korea, Japan",2002-06-12,Group Stage,1,Group F,Draw,False,False,False,False,False,England,Nigeria,0,0,Draw
617,2002,"South Korea, Japan",2002-06-12,Group Stage,1,Group F,Draw,False,False,False,False,False,Nigeria,England,0,0,Draw
618,2002,"South Korea, Japan",2002-06-03,Group Stage,1,Group G,Normal Time,False,False,False,False,False,Croatia,Mexico,0,1,Loss
618,2002,"South Korea, Japan",2002-06-03,Group Stage,1,Group G,Normal Time,False,False,False,False,False,Mexico,Croatia,1,0,Win
619,2002,"South Korea, Japan",2002-06-03,Group Stage,1,Group G,Normal Time,False,False,False,False,False,Ecuador,Italy,0,2,Loss
619,2002,"South Korea, Japan",2002-06-03,Group Stage,1,Group G,Normal Time,False,False,False,False,False,Italy,Ecuador,2,0,Win
620,2002,"South Korea, Japan",2002-06-08,Group Stage,1,Group G,Normal Time,False,False,False,False,False,Croatia,Italy,2,1,Win
620,2002,"South Korea, Japan",2002-06-08,Group Stage,1,Group G,Normal Time,False,False,False,False,False,Italy,Croatia,1,2,Loss
621,2002,"South Korea, Japan",2002-06-09,Group Stage,1,Group G,Normal Time,False,False,False,False,False,Ecuador,Mexico,1,2,Loss
621,2002,"South Korea, Japan",2002-06-09,Group Stage,1,Group G,Normal Time,False,False,False,False,False,Mexico,Ecuador,2,1,Win
622,2002,"South Korea, Japan",2002-06-13,Group Stage,1,Group G,Draw,False,False,False,False,False,Italy,Mexico,1,1,Draw
622,2002,"South Korea, Japan",2002-06-13,Group Stage,1,Group G,Draw,False,False,False,False,False,Mexico,Italy,1,1,Draw
623,2002,"South Korea, Japan",2002-06-13,Group Stage,1,Group G,Normal Time,False,False,False,False,False,Croatia,Ecuador,0,1,Loss
623,2002,"South Korea, Japan",2002-06-13,Group Stage,1,Group G,Normal Time,False,False,False,False,False,Ecuador,Croatia,1,0,Win
624,2002,"South Korea, Japan",2002-06-04,Group Stage,1,Group H,Draw,False,False,False,False,False,Belgium,Japan,2,2,Draw
624,2002,"South Korea, Japan",2002-06-04,Group Stage,1,Group H,Draw,False,False,False,False,False,Japan,Belgium,2,2,Draw
625,2002,"South Korea, Japan",2002-06-05,Group Stage,1,Group H,Normal Time,False,False,False,False,False,Russia,Tunisia,2,0,Win
625,2002,"South Korea, Japan",2002-06-05,Group Stage,1,Group H,Normal Time,False,False,False,False,False,Tunisia,Russia,0,2,Loss
626,2002,"South Korea, Japan",2002-06-09,Group Stage,1,Group H,Normal Time,False,False,False,False,False,Japan,Russia,1,0,Win
626,2002,"South Korea, Japan",2002-06-09,Group Stage,1,Group H,Normal Time,False,False,False,False,False,Russia,Japan,0,1,Loss
627,2002,"South Korea, Japan",2002-06-10,Group Stage,1,Group H,Draw,False,False,False,False,False,Belgium,Tunisia,1,1,Draw
627,2002,"South Korea, Japan",2002-06-10,Group Stage,1,Group H,Draw,False,False,False,False,False,Tunisia,Belgium,1,1,Draw
628,2002,"South Korea, Japan",2002-06-14,Group Stage,1,Group H,Normal Time,False,False,False,False,False,Japan,Tunisia,2,0,Win
628,2002,"South Korea, Japan",2002-06-14,Group Stage,1,Group H,Normal Time,False,False,False,False,False,Tunisia,Japan,0,2,Loss
629,2002,"South Korea, Japan",2002-06-14,Group Stage,1,Group H,Normal Time,False,False,False,False,False,Belgium,Russia,3,2,Win
629,2002,"South Korea, Japan",2002-06-14,Group Stage,1,Group H,Normal Time,False,False,False,False,False,Russia,Belgium,2,3,Loss
630,2002,"South Korea, Japan",2002-06-15,Round of 16,3,,Normal Time,False,False,False,False,False,Germany,Paraguay,1,0,Win
630,2002,"South Korea, Japan",2002-06-15,Round of 16,3,,Normal Time,False,False,False,False,False,Paraguay,Germany,0,1,Loss
631,2002,"South Korea, Japan",2002-06-15,Round of 16,3,,Normal Time,False,False,False,False,False,Denmark,England,0,3,Loss
631,2002,"South Korea, Japan",2002-06-15,Round of 16,3,,Normal Time,False,False,False,False,False,England,Denmark,3,0,Win
632,2002,"South Korea, Japan",2002-06-16,Round of 16,3,,Extra Time,False,True,False,False,False,Senegal,Sweden,1,1,Win
632,2002,"South Korea, Japan",2002-06-16,Round of 16,3,,Extra Time,False,True,False,False,False,Sweden,Senegal,1,1,Loss
633,2002,"South Korea, Japan",2002-06-16,Round of 16,3,,Penalties,False,True,True,False,False,Ireland,Spain,1,1,Loss
633,2002,"South Korea, Japan",2002-06-16,Round of 16,3,,Penalties,False,True,True,False,False,Spain,Ireland,1,1,Win
634,2002,"South Korea, Japan",2002-06-17,Round of 16,3,,Normal Time,False,False,False,False,False,Mexico,United States,0,2,Loss
634,2002,"South Korea, Japan",2002-06-17,Round of 16,3,,Normal Time,False,False,False,False,False,United States,Mexico,2,0,Win
635,2002,"South Korea, Japan",2002-06-17,Round of 16,3,,Normal Time,False,False,False,False,False,Belgium,Brazil,0,2,Loss
635,2002,"South Korea, Japan",2002-06-17,Round of 16,3,,Normal Time,False,False,False,False,False,Brazil,Belgium,2,0,Win
636,2002,"South Korea, Japan",2002-06-18,Round of 16,3,,Normal Time,False,False,False,False,False,Japan,Turkey,0,1,Loss
636,2002,"South Korea, Japan",2002-06-18,Round of 16,3,,Normal Time,False,False,False,False,False,Turkey,Japan,1,0,Win
637,2002,"South Korea, Japan",2002-06-18,Round of 16,3,,Extra Time,False,True,False,False,False,Italy,South Korea,1,1,Loss
637,2002,"South Korea, Japan",2002-06-18,Round of 16,3,,Extra Time,False,True,False,False,False,South Korea,Italy,1,1,Win
638,2002,"South Korea, Japan",2002-06-21,Quarter-final,4,,Normal Time,False,False,False,False,False,Brazil,England,2,1,Win
638,2002,"South Korea, Japan",2002-06-21,Quarter-final,4,,Normal Time,False,False,False,False,False,England,Brazil,1,2,Loss
639,2002,"South Korea, Japan",2002-06-21,Quarter-final,4,,Normal Time,False,False,False,False,False,Germany,United States,1,0,Win
639,2002,"South Korea, Japan",2002-06-21,Quarter-final,4,,Normal Time,False,False,False,False,False,United States,Germany,0,1,Loss
640,2002,"South Korea, Japan",2002-06-22,Quarter-final,4,,Penalties,False,True,True,False,False,South Korea,Spain,0,0,Win
640,2002,"South Korea, Japan",2002-06-22,Quarter-final,4,,Penalties,False,True,True,False,False,Spain,South Korea,0,0,Loss
641,2002,"South Korea, Japan",2002-06-22,Quarter-final,4,,Extra Time,False,True,False,False,False,Senegal,Turkey,0,0,Loss
641,2002,"South Korea, Japan",2002-06-22,Quarter-final,4,,Extra Time,False,True,False,False,False,Turkey,Senegal,0,0,Win
642,2002,"South Korea, Japan",2002-06-25,Semi-final,5,,Normal Time,False,False,False,False,False,Germany,South Korea,1,0,Win
642,2002,"South Korea, Japan",2002-06-25,Semi-final,5,,Normal Time,False,False,False,False,False,South Korea,Germany,0,1,Loss
643,2002,"South Korea, Japan",2002-06-26,Semi-final,5,,Normal Time,False,False,False,False,False,Brazil,Turkey,1,0,Win
643,2002,"South Korea, Japan",2002-06-26,Semi-final,5,,Normal Time,False,False,False,False,False,Turkey,Brazil,0,1,Loss
644,2002,"South Korea, Japan",2002-06-29,Third Place Play-off,6,,Normal Time,False,False,False,False,False,South Korea,Turkey,2,3,Loss
644,2002,"South Korea, Japan",2002-06-29,Third Place Play-off,6,,Normal Time,False,False,False,False,False,Turkey,South Korea,3,2,Win
645,2002,"South Korea, Japan",2002-06-30,Final,7,,Normal Time,False,False,False,False,False,Brazil,Germany,2,0,Win
645,2002,"South Korea, Japan",2002-06-30,Final,7,,Normal Time,False,False,False,False,False,Germany,Brazil,0,2,Loss
646,2006,Germany,2006-06-09,Group Stage,1,Group A,Normal Time,False,False,False,True,False,Costa Rica,Germany,2,4,Loss
646,2006,Germany,2006-06-09,Group Stage,1,Group A,Normal Time,False,False,False,True,False,Germany,Costa Rica,4,2,Win
647,2006,Germany,2006-06-09,Group Stage,1,Group A,Normal Time,False,False,False,True,False,Ecuador,Poland,2,0,Win
647,2006,Germany,2006-06-09,Group Stage,1,Group A,Normal Time,False,False,False,True,False,Poland,Ecuador,0,2,Loss
648,2006,Germany,2006-06-14,Group Stage,1,Group A,Normal Time,False,False,False,True,False,Germany,Poland,1,0,Win
648,2006,Germany,2006-06-14,Group Stage,1,Group A,Normal Time,False,False,False,True,False,Poland,Germany,0,1,Loss
649,2006,Germany,2006-06-15,Group Stage,1,Group A,Normal Time,False,False,False,True,False,Costa Rica,Ecuador,0,3,Loss
649,2006,Germany,2006-06-15,Group Stage,1,Group A,Normal Time,False,False,False,True,False,Ecuador,Costa Rica,3,0,Win
650,2006,Germany,2006-06-20,Group Stage,1,Group A,Normal Time,False,False,False,True,False,Ecuador,Germany,0,3,Loss
650,2006,Germany,2006-06-20,Group Stage,1,Group A,Normal Time,False,False,False,True,False,Germany,Ecuador,3,0,Win
651,2006,Germany,2006-06-20,Group Stage,1,Group A,Normal Time,False,False,False,True,False,Costa Rica,Poland,1,2,Loss
651,2006,Germany,2006-06-20,Group Stage,1,Group A,Normal Time,False,False,False,True,False,Poland,Costa Rica,2,1,Win
652,2006,Germany,2006-06-10,Group Stage,1,Group B,Normal Time,False,False,False,True,False,England,Paraguay,1,0,Win
652,2006,Germany,2006-06-10,Group Stage,1,Group B,Normal Time,False,False,False,True,False,Paraguay,England,0,1,Loss
653,2006,Germany,2006-06-10,Group Stage,1,Group B,Draw,False,False,False,False,False,Sweden,Trinidad and Tobago,0,0,Draw
653,2006,Germany,2006-06-10,Group Stage,1,Group B,Draw,False,False,False,False,False,Trinidad and Tobago,Sweden,0,0,Draw
654,2006,Germany,2006-06-15,Group Stage,1,Group B,Normal Time,False,False,False,True,False,England,Trinidad and Tobago,2,0,Win
654,2006,Germany,2006-06-15,Group Stage,1,Group B,Normal Time,False,False,False,True,False,Trinidad and Tobago,England,0,2,Loss
655,2006,Germany,2006-06-15,Group Stage,1,Group B,Normal Time,False,False,False,True,False,Paraguay,Sweden,0,1,Loss
655,2006,Germany,2006-06-15,Group Stage,1,Group B,Normal Time,False,False,False,True,False,Sweden,Paraguay,1,0,Win
656,2006,Germany,2006-06-20,Group Stage,1,Group B,Draw,False,False,False,True,False,England,Sweden,2,2,Draw
656,2006,Germany,2006-06-20,Group Stage,1,Group B,Draw,False,False,False,True,False,Sweden,England,2,2,Draw
657,2006,Germany,2006-06-20,Group Stage,1,Group B,Normal Time,False,False,False,True,False,Paraguay,Trinidad and Tobago,2,0,Win
657,2006,Germany,2006-06-20,Group Stage,1,Group B,Normal Time,False,False,False,True,False,Trinidad and Tobago,Paraguay,0,2,Loss
658,2006,Germany,2006-06-10,Group Stage,1,Group C,Normal Time,False,False,False,True,False,Argentina,Côte d'Ivoire,2,1,Win
658,2006,Germany,2006-06-10,Group Stage,1,Group C,Normal Time,False,False,False,True,False,Côte d'Ivoire,Argentina,1,2,Loss
659,2006,Germany,2006-06-11,Group Stage,1,Group C,Normal Time,False,False,False,True,True,Netherlands,Serbia and Montenegro,1,0,Win
659,2006,Germany,2006-06-11,Group Stage,1,Group C,Normal Time,False,False,False,True,True,Serbia and Montenegro,Netherlands,0,1,Loss
660,2006,Germany,2006-06-16,Group Stage,1,Group C,Normal Time,False,False,False,True,True,Argentina,Serbia and Montenegro,6,0,Win
660,2006,Germany,2006-06-16,Group Stage,1,Group C,Normal Time,False,False,False,True,True,Serbia and Montenegro,Argentina,0,6,Loss
661,2006,Germany,2006-06-16,Group Stage,1,Group C,Normal Time,False,False,False,True,False,Côte d'Ivoire,Netherlands,1,2,Loss
661,2006,Germany,2006-06-16,Group Stage,1,Group C,Normal Time,False,False,False,True,False,Netherlands,Côte d'Ivoire,2,1,Win
662,2006,Germany,2006-06-21,Group Stage,1,Group C,Draw,False,False,False,False,False,Argentina,Netherlands,0,0,Draw
662,2006,Germany,2006-06-21,Group Stage,1,Group C,Draw,False,False,False,False,False,Netherlands,Argentina,0,0,Draw
663,2006,Germany,2006-06-21,Group Stage,1,Group C,Normal Time,False,False,False,True,True,Côte d'Ivoire,Serbia and Montenegro,3,2,Win
663,2006,Germany,2006-06-21,Group Stage,1,Group C,Normal Time,False,False,False,True,True,Serbia and Montenegro,Côte d'Ivoire,2,3,Loss
664,2006,Germany,2006-06-11,Group Stage,1,Group D,Normal Time,False,False,False,True,False,Iran,Mexico,1,3,Loss
664,2006,Germany,2006-06-11,Group Stage,1,Group D,Normal Time,False,False,False,True,False,Mexico,Iran,3,1,Win
665,2006,Germany,2006-06-11,Group Stage,1,Group D,Normal Time,False,False,False,True,False,Angola,Portugal,0,1,Loss
665,2006,Germany,2006-06-11,Group Stage,1,Group D,Normal Time,False,False,False,True,False,Portugal,Angola,1,0,Win
666,2006,Germany,2006-06-16,Group Stage,1,Group D,Draw,False,False,False,False,False,Angola,Mexico,0,0,Draw
666,2006,Germany,2006-06-16,Group Stage,1,Group D,Draw,False,False,False,False,False,Mexico,Angola,0,0,Draw
667,2006,Germany,2006-06-17,Group Stage,1,Group D,Normal Time,False,False,False,True,False,Iran,Portugal,0,2,Loss
667,2006,Germany,2006-06-17,Group Stage,1,Group D,Normal Time,False,False,False,True,False,Portugal,Iran,2,0,Win
668,2006,Germany,2006-06-21,Group Stage,1,Group D,Normal Time,False,False,False,True,False,Mexico,Portugal,1,2,Loss
668,2006,Germany,2006-06-21,Group Stage,1,Group D,Normal Time,False,False,False,True,False,Portugal,Mexico,2,1,Win
669,2006,Germany,2006-06-21,Group Stage,1,Group D,Draw,False,False,False,True,False,Angola,Iran,1,1,Draw
669,2006,Germany,2006-06-21,Group Stage,1,Group D,Draw,False,False,False,True,False,Iran,Angola,1,1,Draw
670,2006,Germany,2006-06-12,Group Stage,1,Group E,Normal Time,False,False,False,True,False,Ghana,Italy,0,2,Loss
670,2006,Germany,2006-06-12,Group Stage,1,Group E,Normal Time,False,False,False,True,False,Italy,Ghana,2,0,Win
671,2006,Germany,2006-06-12,Group Stage,1,Group E,Normal Time,False,False,False,True,False,Czech Republic,United States,3,0,Win
671,2006,Germany,2006-06-12,Group Stage,1,Group E,Normal Time,False,False,False,True,False,United States,Czech Republic,0,3,Loss
672,2006,Germany,2006-06-17,Group Stage,1,Group E,Draw,False,False,False,True,False,Italy,United States,1,1,Draw
672,2006,Germany,2006-06-17,Group Stage,1,Group E,Draw,False,False,False,True,False,United States,Italy,1,1,Draw
673,2006,Germany,2006-06-17,Group Stage,1,Group E,Normal Time,False,False,False,True,False,Czech Republic,Ghana,0,2,Loss
673,2006,Germany,2006-06-17,Group Stage,1,Group E,Normal Time,False,False,False,True,False,Ghana,Czech Republic,2,0,Win
674,2006,Germany,2006-06-22,Group Stage,1,Group E,Normal Time,False,False,False,True,False,Czech Republic,Italy,0,2,Loss
674,2006,Germany,2006-06-22,Group Stage,1,Group E,Normal Time,False,False,False,True,False,Italy,Czech Republic,2,0,Win
675,2006,Germany,2006-06-22,Group Stage,1,Group E,Normal Time,False,False,False,True,False,Ghana,United States,2,1,Win
675,2006,Germany,2006-06-22,Group Stage,1,Group E,Normal Time,False,False,False,True,False,United States,Ghana,1,2,Loss
676,2006,Germany,2006-06-13,Group Stage,1,Group F,Normal Time,False,False,False,True,False,Brazil,Croatia,1,0,Win
676,2006,Germany,2006-06-13,Group Stage,1,Group F,Normal Time,False,False,False,True,False,Croatia,Brazil,0,1,Loss
677,2006,Germany,2006-06-12,Group Stage,1,Group F,Normal Time,False,False,False,True,False,Australia,Japan,3,1,Win
677,2006,Germany,2006-06-12,Group Stage,1,Group F,Normal Time,False,False,False,True,False,Japan,Australia,1,3,Loss
678,2006,Germany,2006-06-18,Group Stage,1,Group F,Normal Time,False,False,False,True,False,Australia,Brazil,0,2,Loss
678,2006,Germany,2006-06-18,Group Stage,1,Group F,Normal Time,False,False,False,True,False,Brazil,Australia,2,0,Win
679,2006,Germany,2006-06-18,Group Stage,1,Group F,Draw,False,False,False,False,False,Croatia,Japan,0,0,Draw
679,2006,Germany,2006-06-18,Group Stage,1,Group F,Draw,False,False,False,False,False,Japan,Croatia,0,0,Draw
680,2006,Germany,2006-06-22,Group Stage,1,Group F,Normal Time,False,False,False,True,False,Brazil,Japan,4,1,Win
680,2006,Germany,2006-06-22,Group Stage,1,Group F,Normal Time,False,False,False,True,False,Japan,Brazil,1,4,Loss
681,2006,Germany,2006-06-22,Group Stage,1,Group F,Draw,False,False,False,True,False,Australia,Croatia,2,2,Draw
681,2006,Germany,2006-06-22,Group Stage,1,Group F,Draw,False,False,False,True,False,Croatia,Australia,2,2,Draw
682,2006,Germany,2006-06-13,Group Stage,1,Group G,Draw,False,False,False,False,False,France,Switzerland,0,0,Draw
682,2006,Germany,2006-06-13,Group Stage,1,Group G,Draw,False,False,False,False,False,Switzerland,France,0,0,Draw
683,2006,Germany,2006-06-13,Group Stage,1,Group G,Normal Time,False,False,False,True,False,South Korea,Togo,2,1,Win
683,2006,Germany,2006-06-13,Group Stage,1,Group G,Normal Time,False,False,False,True,False,Togo,South Korea,1,2,Loss
684,2006,Germany,2006-06-18,Group Stage,1,Group G,Draw,False,False,False,True,False,France,South Korea,1,1,Draw
684,2006,Germany,2006-06-18,Group Stage,1,Group G,Draw,False,False,False,True,False,South Korea,France,1,1,Draw
685,2006,Germany,2006-06-19,Group Stage,1,Group G,Normal Time,False,False,False,True,False,Switzerland,Togo,2,0,Win
685,2006,Germany,2006-06-19,Group Stage,1,Group G,Normal Time,False,False,False,True,False,Togo,Switzerland,0,2,Loss
686,2006,Germany,2006-06-23,Group Stage,1,Group G,Normal Time,False,False,False,True,False,France,Togo,2,0,Win
686,2006,Germany,2006-06-23,Group Stage,1,Group G,Normal Time,False,False,False,True,False,Togo,France,0,2,Loss
687,2006,Germany,2006-06-23,Group Stage,1,Group G,Normal Time,False,False,False,True,False,South Korea,Switzerland,0,2,Loss
687,2006,Germany,2006-06-23,Group Stage,1,Group G,Normal Time,False,False,False,True,False,Switzerland,South Korea,2,0,Win
688,2006,Germany,2006-06-14,Group Stage,1,Group H,Normal Time,False,False,False,True,False,Spain,Ukraine,4,0,Win
688,2006,Germany,2006-06-14,Group Stage,1,Group H,Normal Time,False,False,False,True,False,Ukraine,Spain,0,4,Loss
689,2006,Germany,2006-06-14,Group Stage,1,Group H,Draw,False,False,False,True,False,Saudi Arabia,Tunisia,2,2,Draw
689,2006,Germany,2006-06-14,Group Stage,1,Group H,Draw,False,False,False,True,False,Tunisia,Saudi Arabia,2,2,Draw
690,2006,Germany,2006-06-19,Group Stage,1,Group H,Normal Time,False,False,False,True,False,Spain,Tunisia,3,1,Win
690,2006,Germany,2006-06-19,Group Stage,1,Group H,Normal Time,False,False,False,True,False,Tunisia,Spain,1,3,Loss
691,2006,Germany,2006-06-19,Group Stage,1,Group H,Normal Time,False,False,False,True,False,Saudi Arabia,Ukraine,0,4,Loss
691,2006,Germany,2006-06-19,Group Stage,1,Group H,Normal Time,False,False,False,True,False,Ukraine,Saudi Arabia,4,0,Win
692,2006,Germany,2006-06-23,Group Stage,1,Group H,Normal Time,False,False,False,True,False,Saudi Arabia,Spain,0,1,Loss
692,2006,Germany,2006-06-23,Group Stage,1,Group H,Normal Time,False,False,False,True,False,Spain,Saudi Arabia,1,0,Win
693,2006,Germany,2006-06-23,Group Stage,1,Group H,Normal Time,False,False,False,True,False,Tunisia,Ukraine,0,1,Loss
693,2006,Germany,2006-06-23,Group Stage,1,Group H,Normal Time,False,False,False,True,False,Ukraine,Tunisia,1,0,Win
694,2006,Germany,2006-06-24,Round of 16,3,,Normal Time,False,False,False,True,False,Germany,Sweden,2,0,Win
694,2006,Germany,2006-06-24,Round of 16,3,,Normal Time,False,False,False,True,False,Sweden,Germany,0,2,Loss
695,2006,Germany,2006-06-24,Round of 16,3,,Extra Time,False,True,False,True,False,Argentina,Mexico,1,1,Win
695,2006,Germany,2006-06-24,Round of 16,3,,Extra Time,False,True,False,True,False,Mexico,Argentina,1,1,Loss
696,2006,Germany,2006-06-25,Round of 16,3,,Normal Time,False,False,False,True,False,Ecuador,England,0,1,Loss
696,2006,Germany,2006-06-25,Round of 16,3,,Normal Time,False,False,False,True,False,England,Ecuador,1,0,Win
697,2006,Germany,2006-06-25,Round of 16,3,,Normal Time,False,False,False,True,False,Netherlands,Portugal,0,1,Loss
697,2006,Germany,2006-06-25,Round of 16,3,,Normal Time,False,False,False,True,False,Portugal,Netherlands,1,0,Win
698,2006,Germany,2006-06-26,Round of 16,3,,Normal Time,False,False,False,True,False,Australia,Italy,0,1,Loss
698,2006,Germany,2006-06-26,Round of 16,3,,Normal Time,False,False,False,True,False,Italy,Australia,1,0,Win
699,2006,Germany,2006-06-26,Round of 16,3,,Penalties,False,True,True,False,False,Switzerland,Ukraine,0,0,Loss
699,2006,Germany,2006-06-26,Round of 16,3,,Penalties,False,True,True,False,False,Ukraine,Switzerland,0,0,Win
700,2006,Germany,2006-06-27,Round of 16,3,,Normal Time,False,False,False,True,False,Brazil,Ghana,3,0,Win
700,2006,Germany,2006-06-27,Round of 16,3,,Normal Time,False,False,False,True,False,Ghana,Brazil,0,3,Loss
701,2006,Germany,2006-06-27,Round of 16,3,,Normal Time,False,False,False,True,False,France,Spain,3,1,Win
701,2006,Germany,2006-06-27,Round of 16,3,,Normal Time,False,False,False,True,False,Spain,France,1,3,Loss
702,2006,Germany,2006-06-30,Quarter-final,4,,Penalties,False,True,True,True,False,Argentina,Germany,1,1,Loss
702,2006,Germany,2006-06-30,Quarter-final,4,,Penalties,False,True,True,True,False,Germany,Argentina,1,1,Win
703,2006,Germany,2006-06-30,Quarter-final,4,,Normal Time,False,False,False,True,False,Italy,Ukraine,3,0,Win
703,2006,Germany,2006-06-30,Quarter-final,4,,Normal Time,False,False,False,True,False,Ukraine,Italy,0,3,Loss
704,2006,Germany,2006-07-01,Quarter-final,4,,Penalties,False,True,True,False,False,England,Portugal,0,0,Loss
704,2006,Germany,2006-07-01,Quarter-final,4,,Penalties,False,True,True,False,False,Portugal,England,0,0,Win
705,2006,Germany,2006-07-01,Quarter-final,4,,Normal Time,False,False,False,True,False,Brazil,France,0,1,Loss
705,2006,Germany,2006-07-01,Quarter-final,4,,Normal Time,False,False,False,True,False,France,Brazil,1,0,Win
706,2006,Germany,2006-07-04,Semi-final,5,,Extra Time,False,True,False,False,False,Germany,Italy,0,0,Loss
706,2006,Germany,2006-07-04,Semi-final,5,,Extra Time,False,True,False,False,False,Italy,Germany,0,0,Win
707,2006,Germany,2006-07-05,Semi-final,5,,Normal Time,False,False,False,True,False,France,Portugal,1,0,Win
707,2006,Germany,2006-07-05,Semi-final,5,,Normal Time,False,False,False,True,False,Portugal,France,0,1,Loss
708,2006,Germany,2006-07-08,Third-place play-off,6,,Normal Time,False,False,False,True,False,Germany,Portugal,3,1,Win
708,2006,Germany,2006-07-08,Third-place play-off,6,,Normal Time,False,False,False,True,False,Portugal,Germany,1,3,Loss
709,2006,Germany,2006-07-09,Final,7,,Penalties,False,True,True,True,False,France,Italy,1,1,Loss
709,2006,Germany,2006-07-09,Final,7,,Penalties,False,True,True,True,False,Italy,France,1,1,Win
710,2010,South Africa,2010-06-11,Group Stage,1,Group A,Draw,False,False,False,False,False,Mexico,South Africa,1,1,Draw
710,2010,South Africa,2010-06-11,Group Stage,1,Group A,Draw,False,False,False,False,False,South Africa,Mexico,1,1,Draw
711,2010,South Africa,2010-06-11,Group Stage,1,Group A,Draw,False,False,False,False,False,France,Uruguay,0,0,Draw
711,2010,South Africa,2010-06-11,Group Stage,1,Group A,Draw,False,False,False,False,False,Uruguay,France,0,0,Draw
712,2010,South Africa,2010-06-16,Group Stage,1,Group A,Normal Time,False,False,False,False,False,South Africa,Uruguay,0,3,Loss
712,2010,South Africa,2010-06-16,Group Stage,1,Group A,Normal Time,False,False,False,False,False,Uruguay,South Africa,3,0,Win
713,2010,South Africa,2010-06-17,Group Stage,1,Group A,Normal Time,False,False,False,False,False,France,Mexico,0,2,Loss
713,2010,South Africa,2010-06-17,Group Stage,1,Group A,Normal Time,False,False,False,False,False,Mexico,France,2,0,Win
714,2010,South Africa,2010-06-22,Group Stage,1,Group A,Normal Time,False,False,False,False,False,Mexico,Uruguay,0,1,Loss
714,2010,South Africa,2010-06-22,Group Stage,1,Group A,Normal Time,False,False,False,False,False,Uruguay,Mexico,1,0,Win
715,2010,South Africa,2010-06-22,Group Stage,1,Group A,Normal Time,False,False,False,False,False,France,South Africa,1,2,Loss
715,2010,South Africa,2010-06-22,Group Stage,1,Group A,Normal Time,False,False,False,False,False,South Africa,France,2,1,Win
716,2010,South Africa,2010-06-12,Group Stage,1,Group B,Normal Time,False,False,False,False,False,Greece,South Korea,0,2,Loss
716,2010,South Africa,2010-06-12,Group Stage,1,Group B,Normal Time,False,False,False,False,False,South Korea,Greece,2,0,Win
717,2010,South Africa,2010-06-12,Group Stage,1,Group B,Normal Time,False,False,False,False,False,Argentina,Nigeria,1,0,Win
717,2010,South Africa,2010-06-12,Group Stage,1,Group B,Normal Time,False,False,False,False,False,Nigeria,Argentina,0,1,Loss
718,2010,South Africa,2010-06-17,Group Stage,1,Group B,Normal Time,False,False,False,False,False,Argentina,South Korea,4,1,Win
718,2010,South Africa,2010-06-17,Group Stage,1,Group B,Normal Time,False,False,False,False,False,South Korea,Argentina,1,4,Loss
719,2010,South Africa,2010-06-17,Group Stage,1,Group B,Normal Time,False,False,False,False,False,Greece,Nigeria,2,1,Win
719,2010,South Africa,2010-06-17,Group Stage,1,Group B,Normal Time,False,False,False,False,False,Nigeria,Greece,1,2,Loss
720,2010,South Africa,2010-06-22,Group Stage,1,Group B,Draw,False,False,False,False,False,Nigeria,South Korea,2,2,Draw
720,2010,South Africa,2010-06-22,Group Stage,1,Group B,Draw,False,False,False,False,False,South Korea,Nigeria,2,2,Draw
721,2010,South Africa,2010-06-22,Group Stage,1,Group B,Normal Time,False,False,False,False,False,Argentina,Greece,2,0,Win
721,2010,South Africa,2010-06-22,Group Stage,1,Group B,Normal Time,False,False,False,False,False,Greece,Argentina,0,2,Loss
722,2010,South Africa,2010-06-12,Group Stage,1,Group C,Draw,False,False,False,False,False,England,United States,1,1,Draw
722,2010,South Africa,2010-06-12,Group Stage,1,Group C,Draw,False,False,False,False,False,United States,England,1,1,Draw
723,2010,South Africa,2010-06-13,Group Stage,1,Group C,Normal Time,False,False,False,False,False,Algeria,Slovenia,0,1,Loss
723,2010,South Africa,2010-06-13,Group Stage,1,Group C,Normal Time,False,False,False,False,False,Slovenia,Algeria,1,0,Win
724,2010,South Africa,2010-06-18,Group Stage,1,Group C,Draw,False,False,False,False,False,Slovenia,United States,2,2,Draw
724,2010,South Africa,2010-06-18,Group Stage,1,Group C,Draw,False,False,False,False,False,United States,Slovenia,2,2,Draw
725,2010,South Africa,2010-06-18,Group Stage,1,Group C,Draw,False,False,False,False,False,Algeria,England,0,0,Draw
725,2010,South Africa,2010-06-18,Group Stage,1,Group C,Draw,False,False,False,False,False,England,Algeria,0,0,Draw
726,2010,South Africa,2010-06-23,Group Stage,1,Group C,Normal Time,False,False,False,False,False,Algeria,United States,0,1,Loss
726,2010,South Africa,2010-06-23,Group Stage,1,Group C,Normal Time,False,False,False,False,False,United States,Algeria,1,0,Win
727,2010,South Africa,2010-06-23,Group Stage,1,Group C,Normal Time,False,False,False,False,False,England,Slovenia,1,0,Win
727,2010,South Africa,2010-06-23,Group Stage,1,Group C,Normal Time,False,False,False,False,False,Slovenia,England,0,1,Loss
728,2010,South Africa,2010-06-13,Group Stage,1,Group D,Normal Time,False,False,False,False,False,Ghana,Serbia,1,0,Win
728,2010,South Africa,2010-06-13,Group Stage,1,Group D,Normal Time,False,False,False,False,False,Serbia,Ghana,0,1,Loss
729,2010,South Africa,2010-06-13,Group Stage,1,Group D,Normal Time,False,False,False,False,False,Australia,Germany,0,4,Loss
729,2010,South Africa,2010-06-13,Group Stage,1,Group D,Normal Time,False,False,False,False,False,Germany,Australia,4,0,Win
730,2010,South Africa,2010-06-18,Group Stage,1,Group D,Normal Time,False,False,False,False,False,Germany,Serbia,0,1,Loss
730,2010,South Africa,2010-06-18,Group Stage,1,Group D,Normal Time,False,False,False,False,False,Serbia,Germany,1,0,Win
731,2010,South Africa,2010-06-19,Group Stage,1,Group D,Draw,False,False,False,False,False,Australia,Ghana,1,1,Draw
731,2010,South Africa,2010-06-19,Group Stage,1,Group D,Draw,False,False,False,False,False,Ghana,Australia,1,1,Draw
732,2010,South Africa,2010-06-23,Group Stage,1,Group D,Normal Time,False,False,False,False,False,Australia,Serbia,2,1,Win
732,2010,South Africa,2010-06-23,Group Stage,1,Group D,Normal Time,False,False,False,False,False,Serbia,Australia,1,2,Loss
733,2010,South Africa,2010-06-23,Group Stage,1,Group D,Normal Time,False,False,False,False,False,Germany,Ghana,1,0,Win
733,2010,South Africa,2010-06-23,Group Stage,1,Group D,Normal Time,False,False,False,False,False,Ghana,Germany,0,1,Loss
734,2010,South Africa,2010-06-14,Group Stage,1,Group E,Normal Time,False,False,False,False,False,Denmark,Netherlands,0,2,Loss
734,2010,South Africa,2010-06-14,Group Stage,1,Group E,Normal Time,False,False,False,False,False,Netherlands,Denmark,2,0,Win
735,2010,South Africa,2010-06-14,Group Stage,1,Group E,Normal Time,False,False,False,False,False,Cameroon,Japan,0,1,Loss
735,2010,South Africa,2010-06-14,Group Stage,1,Group E,Normal Time,False,False,False,False,False,Japan,Cameroon,1,0,Win
736,2010,South Africa,2010-06-19,Group Stage,1,Group E,Normal Time,False,False,False,False,False,Japan,Netherlands,0,1,Loss
736,2010,South Africa,2010-06-19,Group Stage,1,Group E,Normal Time,False,False,False,False,False,Netherlands,Japan,1,0,Win
737,2010,South Africa,2010-06-19,Group Stage,1,Group E,Normal Time,False,False,False,False,False,Cameroon,Denmark,1,2,Loss
737,2010,South Africa,2010-06-19,Group Stage,1,Group E,Normal Time,False,False,False,False,False,Denmark,Cameroon,2,1,Win
738,2010,South Africa,2010-06-24,Group Stage,1,Group E,Normal Time,False,False,False,False,False,Denmark,Japan,1,3,Loss
738,2010,South Africa,2010-06-24,Group Stage,1,Group E,Normal Time,False,False,False,False,False,Japan,Denmark,3,1,Win
739,2010,South Africa,2010-06-24,Group Stage,1,Group E,Normal Time,False,False,False,False,False,Cameroon,Netherlands,1,2,Loss
739,2010,South Africa,2010-06-24,Group Stage,1,Group E,Normal Time,False,False,False,False,False,Netherlands,Cameroon,2,1,Win
740,2010,South Africa,2010-06-14,Group Stage,1,Group F,Draw,False,False,False,False,False,Italy,Paraguay,1,1,Draw
740,2010,South Africa,2010-06-14,Group Stage,1,Group F,Draw,False,False,False,False,False,Paraguay,Italy,1,1,Draw
741,2010,South Africa,2010-06-15,Group Stage,1,Group F,Draw,False,False,False,False,False,New Zealand,Slovakia,1,1,Draw
741,2010,South Africa,2010-06-15,Group Stage,1,Group F,Draw,False,False,False,False,False,Slovakia,New Zealand,1,1,Draw
742,2010,South Africa,2010-06-20,Group Stage,1,Group F,Normal Time,False,False,False,False,False,Paraguay,Slovakia,2,0,Win
742,2010,South Africa,2010-06-20,Group Stage,1,Group F,Normal Time,False,False,False,False,False,Slovakia,Paraguay,0,2,Loss
743,2010,South Africa,2010-06-20,Group Stage,1,Group F,Draw,False,False,False,False,False,Italy,New Zealand,1,1,Draw
743,2010,South Africa,2010-06-20,Group Stage,1,Group F,Draw,False,False,False,False,False,New Zealand,Italy,1,1,Draw
744,2010,South Africa,2010-06-24,Group Stage,1,Group F,Normal Time,False,False,False,False,False,Italy,Slovakia,2,3,Loss
744,2010,South Africa,2010-06-24,Group Stage,1,Group F,Normal Time,False,False,False,False,False,Slovakia,Italy,3,2,Win
745,2010,South Africa,2010-06-24,Group Stage,1,Group F,Draw,False,False,False,False,False,New Zealand,Paraguay,0,0,Draw
745,2010,South Africa,2010-06-24,Group Stage,1,Group F,Draw,False,False,False,False,False,Paraguay,New Zealand,0,0,Draw
746,2010,South Africa,2010-06-15,Group Stage,1,Group G,Draw,False,False,False,False,False,Côte d'Ivoire,Portugal,0,0,Draw
746,2010,South Africa,2010-06-15,Group Stage,1,Group G,Draw,False,False,False,False,False,Portugal,Côte d'Ivoire,0,0,Draw
747,2010,South Africa,2010-06-15,Group Stage,1,Group G,Normal Time,False,False,False,False,False,Brazil,North Korea,2,1,Win
747,2010,South Africa,2010-06-15,Group Stage,1,Group G,Normal Time,False,False,False,False,False,North Korea,Brazil,1,2,Loss
748,2010,South Africa,2010-06-20,Group Stage,1,Group G,Normal Time,False,False,False,False,False,Brazil,Côte d'Ivoire,3,1,Win
748,2010,South Africa,2010-06-20,Group Stage,1,Group G,Normal Time,False,False,False,False,False,Côte d'Ivoire,Brazil,1,3,Loss
749,2010,South Africa,2010-06-21,Group Stage,1,Group G,Normal Time,False,False,False,False,False,North Korea,Portugal,0,7,Loss
749,2010,South Africa,2010-06-21,Group Stage,1,Group G,Normal Time,False,False,False,False,False,Portugal,North Korea,7,0,Win
750,2010,South Africa,2010-06-25,Group Stage,1,Group G,Draw,False,False,False,False,False,Brazil,Portugal,0,0,Draw
750,2010,South Africa,2010-06-25,Group Stage,1,Group G,Draw,False,False,False,False,False,Portugal,Brazil,0,0,Draw
751,2010,South Africa,2010-06-25,Group Stage,1,Group G,Normal Time,False,False,False,False,False,Côte d'Ivoire,North Korea,3,0,Win
751,2010,South Africa,2010-06-25,Group Stage,1,Group G,Normal Time,False,False,False,False,False,North Korea,Côte d'Ivoire,0,3,Loss
752,2010,South Africa,2010-06-16,Group Stage,1,Group H,Normal Time,False,False,False,False,False,Chile,Honduras,1,0,Win
752,2010,South Africa,2010-06-16,Group Stage,1,Group H,Normal Time,False,False,False,False,False,Honduras,Chile,0,1,Loss
753,2010,South Africa,2010-06-16,Group Stage,1,Group H,Normal Time,False,False,False,False,False,Spain,Switzerland,0,1,Loss
753,2010,South Africa,2010-06-16,Group Stage,1,Group H,Normal Time,False,False,False,False,False,Switzerland,Spain,1,0,Win
754,2010,South Africa,2010-06-21,Group Stage,1,Group H,Normal Time,False,False,False,False,False,Chile,Switzerland,1,0,Win
754,2010,South Africa,2010-06-21,Group Stage,1,Group H,Normal Time,False,False,False,False,False,Switzerland,Chile,0,1,Loss
755,2010,South Africa,2010-06-21,Group Stage,1,Group H,Normal Time,False,False,False,False,False,Honduras,Spain,0,2,Loss
755,2010,South Africa,2010-06-21,Group Stage,1,Group H,Normal Time,False,False,False,False,False,Spain,Honduras,2,0,Win
756,2010,South Africa,2010-06-25,Group Stage,1,Group H,Normal Time,False,False,False,False,False,Chile,Spain,1,2,Loss
756,2010,South Africa,2010-06-25,Group Stage,1,Group H,Normal Time,False,False,False,False,False,Spain,Chile,2,1,Win
757,2010,South Africa,2010-06-25,Group Stage,1,Group H,Draw,False,False,False,False,False,Honduras,Switzerland,0,0,Draw
757,2010,South Africa,2010-06-25,Group Stage,1,Group H,Draw,False,False,False,False,False,Switzerland,Honduras,0,0,Draw
758,2010,South Africa,2010-06-26,Round of 16,3,,Normal Time,False,False,False,False,False,South Korea,Uruguay,1,2,Loss
758,2010,South Africa,2010-06-26,Round of 16,3,,Normal Time,False,False,False,False,False,Uruguay,South Korea,2,1,Win
759,2010,South Africa,2010-06-26,Round of 16,3,,Extra Time,False,True,False,False,False,Ghana,United States,1,1,Win
759,2010,South Africa,2010-06-26,Round of 16,3,,Extra Time,False,True,False,False,False,United States,Ghana,1,1,Loss
760,2010,South Africa,2010-06-27,Round of 16,3,,Normal Time,False,False,False,False,False,England,Germany,1,4,Loss
760,2010,South Africa,2010-06-27,Round of 16,3,,Normal Time,False,False,False,False,False,Germany,England,4,1,Win
761,2010,South Africa,2010-06-27,Round of 16,3,,Normal Time,False,False,False,False,False,Argentina,Mexico,3,1,Win
761,2010,South Africa,2010-06-27,Round of 16,3,,Normal Time,False,False,False,False,False,Mexico,Argentina,1,3,Loss
762,2010,South Africa,2010-06-28,Round of 16,3,,Normal Time,False,False,False,False,False,Netherlands,Slovakia,2,1,Win
762,2010,South Africa,2010-06-28,Round of 16,3,,Normal Time,False,False,False,False,False,Slovakia,Netherlands,1,2,Loss
763,2010,South Africa,2010-06-28,Round of 16,3,,Normal Time,False,False,False,False,False,Brazil,Chile,3,0,Win
763,2010,South Africa,2010-06-28,Round of 16,3,,Normal Time,False,False,False,False,False,Chile,Brazil,0,3,Loss
764,2010,South Africa,2010-06-29,Round of 16,3,,Penalties,False,True,True,False,False,Japan,Paraguay,0,0,Loss
764,2010,South Africa,2010-06-29,Round of 16,3,,Penalties,False,True,True,False,False,Paraguay,Japan,0,0,Win
765,2010,South Africa,2010-06-29,Round of 16,3,,Normal Time,False,False,False,False,False,Portugal,Spain,0,1,Loss
765,2010,South Africa,2010-06-29,Round of 16,3,,Normal Time,False,False,False,False,False,Spain,Portugal,1,0,Win
766,2010,South Africa,2010-07-02,Quarter-final,4,,Normal Time,False,False,False,False,False,Brazil,Netherlands,1,2,Loss
766,2010,South Africa,2010-07-02,Quarter-final,4,,Normal Time,False,False,False,False,False,Netherlands,Brazil,2,1,Win
767,2010,South Africa,2010-07-02,Quarter-final,4,,Penalties,False,True,True,False,False,Ghana,Uruguay,1,1,Loss
767,2010,South Africa,2010-07-02,Quarter-final,4,,Penalties,False,True,True,False,False,Uruguay,Ghana,1,1,Win
768,2010,South Africa,2010-07-03,Quarter-final,4,,Normal Time,False,False,False,False,False,Argentina,Germany,0,4,Loss
768,2010,South Africa,2010-07-03,Quarter-final,4,,Normal Time,False,False,False,False,False,Germany,Argentina,4,0,Win
769,2010,South Africa,2010-07-03,Quarter-final,4,,Normal Time,False,False,False,False,False,Paraguay,Spain,0,1,Loss
769,2010,South Africa,2010-07-03,Quarter-final,4,,Normal Time,False,False,False,False,False,Spain,Paraguay,1,0,Win
770,2010,South Africa,2010-07-06,Semi-final,5,,Normal Time,False,False,False,False,False,Netherlands,Uruguay,3,2,Win
770,2010,South Africa,2010-07-06,Semi-final,5,,Normal Time,False,False,False,False,False,Uruguay,Netherlands,2,3,Loss
771,2010,South Africa,2010-07-07,Semi-final,5,,Normal Time,False,False,False,False,False,Germany,Spain,0,1,Loss
771,2010,South Africa,2010-07-07,Semi-final,5,,Normal Time,False,False,False,False,False,Spain,Germany,1,0,Win
772,2010,South Africa,2010-07-10,Third-place play-off,6,,Normal Time,False,False,False,False,False,Germany,Uruguay,3,2,Win
772,2010,South Africa,2010-07-10,Third-place play-off,6,,Normal Time,False,False,False,False,False,Uruguay,Germany,2,3,Loss
773,2010,South Africa,2010-07-11,Final,7,,Extra Time,False,True,False,False,False,Netherlands,Spain,0,0,Loss
773,2010,South Africa,2010-07-11,Final,7,,Extra Time,False,True,False,False,False,Spain,Netherlands,0,0,Win
774,2014,Brazil,2014-06-12,Group Stage,1,Group A,Normal Time,False,False,False,True,False,Brazil,Croatia,3,1,Win
774,2014,Brazil,2014-06-12,Group Stage,1,Group A,Normal Time,False,False,False,True,False,Croatia,Brazil,1,3,Loss
775,2014,Brazil,2014-06-13,Group Stage,1,Group A,Normal Time,False,False,False,True,False,Cameroon,Mexico,0,1,Loss
775,2014,Brazil,2014-06-13,Group Stage,1,Group A,Normal Time,False,False,False,True,False,Mexico,Cameroon,1,0,Win
776,2014,Brazil,2014-06-17,Group Stage,1,Group A,Draw,False,False,False,False,False,Brazil,Mexico,0,0,Draw
776,2014,Brazil,2014-06-17,Group Stage,1,Group A,Draw,False,False,False,False,False,Mexico,Brazil,0,0,Draw
777,2014,Brazil,2014-06-18,Group Stage,1,Group A,Normal Time,False,False,False,False,False,Cameroon,Croatia,0,4,Loss
777,2014,Brazil,2014-06-18,Group Stage,1,Group A,Normal Time,False,False,False,False,False,Croatia,Cameroon,4,0,Win
778,2014,Brazil,2014-06-23,Group Stage,1,Group A,Normal Time,False,False,False,False,False,Brazil,Cameroon,4,1,Win
778,2014,Brazil,2014-06-23,Group Stage,1,Group A,Normal Time,False,False,False,False,False,Cameroon,Brazil,1,4,Loss
779,2014,Brazil,2014-06-23,Group Stage,1,Group A,Normal Time,False,False,False,False,False,Croatia,Mexico,1,3,Loss
779,2014,Brazil,2014-06-23,Group Stage,1,Group A,Normal Time,False,False,False,False,False,Mexico,Croatia,3,1,Win
780,2014,Brazil,2014-06-13,Group Stage,1,Group B,Normal Time,False,False,False,True,False,Netherlands,Spain,5,1,Win
780,2014,Brazil,2014-06-13,Group Stage,1,Group B,Normal Time,False,False,False,True,False,Spain,Netherlands,1,5,Loss
781,2014,Brazil,2014-06-13,Group Stage,1,Group B,Normal Time,False,False,False,True,False,Australia,Chile,1,3,Loss
781,2014,Brazil,2014-06-13,Group Stage,1,Group B,Normal Time,False,False,False,True,False,Chile,Australia,3,1,Win
782,2014,Brazil,2014-06-18,Group Stage,1,Group B,Normal Time,False,False,False,False,False,Australia,Netherlands,2,3,Loss
782,2014,Brazil,2014-06-18,Group Stage,1,Group B,Normal Time,False,False,False,False,False,Netherlands,Australia,3,2,Win
783,2014,Brazil,2014-06-18,Group Stage,1,Group B,Normal Time,False,False,False,False,False,Chile,Spain,2,0,Win
783,2014,Brazil,2014-06-18,Group Stage,1,Group B,Normal Time,False,False,False,False,False,Spain,Chile,0,2,Loss
784,2014,Brazil,2014-06-23,Group Stage,1,Group B,Normal Time,False,False,False,False,False,Australia,Spain,0,3,Loss
784,2014,Brazil,2014-06-23,Group Stage,1,Group B,Normal Time,False,False,False,False,False,Spain,Australia,3,0,Win
785,2014,Brazil,2014-06-23,Group Stage,1,Group B,Normal Time,False,False,False,False,False,Chile,Netherlands,0,2,Loss
785,2014,Brazil,2014-06-23,Group Stage,1,Group B,Normal Time,False,False,False,False,False,Netherlands,Chile,2,0,Win
786,2014,Brazil,2014-06-14,Group Stage,1,Group C,Normal Time,False,False,False,False,False,Colombia,Greece,3,0,Win
786,2014,Brazil,2014-06-14,Group Stage,1,Group C,Normal Time,False,False,False,False,False,Greece,Colombia,0,3,Loss
787,2014,Brazil,2014-06-14,Group Stage,1,Group C,Normal Time,False,False,False,False,False,Côte d'Ivoire,Japan,2,1,Win
787,2014,Brazil,2014-06-14,Group Stage,1,Group C,Normal Time,False,False,False,False,False,Japan,Côte d'Ivoire,1,2,Loss
788,2014,Brazil,2014-06-19,Group Stage,1,Group C,Normal Time,False,False,False,False,False,Colombia,Côte d'Ivoire,2,1,Win
788,2014,Brazil,2014-06-19,Group Stage,1,Group C,Normal Time,False,False,False,False,False,Côte d'Ivoire,Colombia,1,2,Loss
789,2014,Brazil,2014-06-19,Group Stage,1,Group C,Draw,False,False,False,False,False,Greece,Japan,0,0,Draw
789,2014,Brazil,2014-06-19,Group Stage,1,Group C,Draw,False,False,False,False,False,Japan,Greece,0,0,Draw
790,2014,Brazil,2014-06-24,Group Stage,1,Group C,Normal Time,False,False,False,False,False,Colombia,Japan,4,1,Win
790,2014,Brazil,2014-06-24,Group Stage,1,Group C,Normal Time,False,False,False,False,False,Japan,Colombia,1,4,Loss
791,2014,Brazil,2014-06-24,Group Stage,1,Group C,Normal Time,False,False,False,False,False,Côte d'Ivoire,Greece,1,2,Loss
791,2014,Brazil,2014-06-24,Group Stage,1,Group C,Normal Time,False,False,False,False,False,Greece,Côte d'Ivoire,2,1,Win
792,2014,Brazil,2014-06-14,Group Stage,1,Group D,Normal Time,False,False,False,False,False,Costa Rica,Uruguay,3,1,Win
792,2014,Brazil,2014-06-14,Group Stage,1,Group D,Normal Time,False,False,False,False,False,Uruguay,Costa Rica,1,3,Loss
793,2014,Brazil,2014-06-14,Group Stage,1,Group D,Normal Time,False,False,False,False,False,England,Italy,1,2,Loss
793,2014,Brazil,2014-06-14,Group Stage,1,Group D,Normal Time,False,False,False,False,False,Italy,England,2,1,Win
794,2014,Brazil,2014-06-19,Group Stage,1,Group D,Normal Time,False,False,False,False,False,England,Uruguay,1,2,Loss
794,2014,Brazil,2014-06-19,Group Stage,1,Group D,Normal Time,False,False,False,False,False,Uruguay,England,2,1,Win
795,2014,Brazil,2014-06-20,Group Stage,1,Group D,Normal Time,False,False,False,False,False,Costa Rica,Italy,1,0,Win
795,2014,Brazil,2014-06-20,Group Stage,1,Group D,Normal Time,False,False,False,False,False,Italy,Costa Rica,0,1,Loss
796,2014,Brazil,2014-06-24,Group Stage,1,Group D,Normal Time,False,False,False,False,False,Italy,Uruguay,0,1,Loss
796,2014,Brazil,2014-06-24,Group Stage,1,Group D,Normal Time,False,False,False,False,False,Uruguay,Italy,1,0,Win
797,2014,Brazil,2014-06-24,Group Stage,1,Group D,Draw,False,False,False,False,False,Costa Rica,England,0,0,Draw
797,2014,Brazil,2014-06-24,Group Stage,1,Group D,Draw,False,False,False,False,False,England,Costa Rica,0,0,Draw
798,2014,Brazil,2014-06-15,Group Stage,1,Group E,Normal Time,False,False,False,False,False,Ecuador,Switzerland,1,2,Loss
798,2014,Brazil,2014-06-15,Group Stage,1,Group E,Normal Time,False,False,False,False,False,Switzerland,Ecuador,2,1,Win
799,2014,Brazil,2014-06-15,Group Stage,1,Group E,Normal Time,False,False,False,False,False,France,Honduras,3,0,Win
799,2014,Brazil,2014-06-15,Group Stage,1,Group E,Normal Time,False,False,False,False,False,Honduras,France,0,3,Loss
800,2014,Brazil,2014-06-20,Group Stage,1,Group E,Normal Time,False,False,False,False,False,France,Switzerland,5,2,Win
800,2014,Brazil,2014-06-20,Group Stage,1,Group E,Normal Time,False,False,False,False,False,Switzerland,France,2,5,Loss
801,2014,Brazil,2014-06-20,Group Stage,1,Group E,Normal Time,False,False,False,False,False,Ecuador,Honduras,2,1,Win
801,2014,Brazil,2014-06-20,Group Stage,1,Group E,Normal Time,False,False,False,False,False,Honduras,Ecuador,1,2,Loss
802,2014,Brazil,2014-06-25,Group Stage,1,Group E,Normal Time,False,False,False,False,False,Honduras,Switzerland,0,3,Loss
802,2014,Brazil,2014-06-25,Group Stage,1,Group E,Normal Time,False,False,False,False,False,Switzerland,Honduras,3,0,Win
803,2014,Brazil,2014-06-25,Group Stage,1,Group E,Draw,False,False,False,False,False,Ecuador,France,0,0,Draw
803,2014,Brazil,2014-06-25,Group Stage,1,Group E,Draw,False,False,False,False,False,France,Ecuador,0,0,Draw
804,2014,Brazil,2014-06-15,Group Stage,1,Group F,Normal Time,False,False,False,False,False,Argentina,Bosnia & Herzegovina,2,1,Win
804,2014,Brazil,2014-06-15,Group Stage,1,Group F,Normal Time,False,False,False,False,False,Bosnia & Herzegovina,Argentina,1,2,Loss
805,2014,Brazil,2014-06-16,Group Stage,1,Group F,Draw,False,False,False,False,False,Iran,Nigeria,0,0,Draw
805,2014,Brazil,2014-06-16,Group Stage,1,Group F,Draw,False,False,False,False,False,Nigeria,Iran,0,0,Draw
806,2014,Brazil,2014-06-21,Group Stage,1,Group F,Normal Time,False,False,False,False,False,Argentina,Iran,1,0,Win
806,2014,Brazil,2014-06-21,Group Stage,1,Group F,Normal Time,False,False,False,False,False,Iran,Argentina,0,1,Loss
807,2014,Brazil,2014-06-21,Group Stage,1,Group F,Normal Time,False,False,False,False,False,Bosnia & Herzegovina,Nigeria,0,1,Loss
807,2014,Brazil,2014-06-21,Group Stage,1,Group F,Normal Time,False,False,False,False,False,Nigeria,Bosnia & Herzegovina,1,0,Win
808,2014,Brazil,2014-06-25,Group Stage,1,Group F,Normal Time,False,False,False,False,False,Argentina,Nigeria,3,2,Win
808,2014,Brazil,2014-06-25,Group Stage,1,Group F,Normal Time,False,False,False,False,False,Nigeria,Argentina,2,3,Loss
809,2014,Brazil,2014-06-25,Group Stage,1,Group F,Normal Time,False,False,False,False,False,Bosnia & Herzegovina,Iran,3,1,Win
809,2014,Brazil,2014-06-25,Group Stage,1,Group F,Normal Time,False,False,False,False,False,Iran,Bosnia & Herzegovina,1,3,Loss
810,2014,Brazil,2014-06-16,Group Stage,1,Group G,Normal Time,False,False,False,False,False,Germany,Portugal,4,0,Win
810,2014,Brazil,2014-06-16,Group Stage,1,Group G,Normal Time,False,False,False,False,False,Portugal,Germany,0,4,Loss
811,2014,Brazil,2014-06-16,Group Stage,1,Group G,Normal Time,False,False,False,False,False,Ghana,United States,1,2,Loss
811,2014,Brazil,2014-06-16,Group Stage,1,Group G,Normal Time,False,False,False,False,False,United States,Ghana,2,1,Win
812,2014,Brazil,2014-06-21,Group Stage,1,Group G,Draw,False,False,False,False,False,Germany,Ghana,2,2,Draw
812,2014,Brazil,2014-06-21,Group Stage,1,Group G,Draw,False,False,False,False,False,Ghana,Germany,2,2,Draw
813,2014,Brazil,2014-06-22,Group Stage,1,Group G,Draw,False,False,False,False,False,Portugal,United States,2,2,Draw
813,2014,Brazil,2014-06-22,Group Stage,1,Group G,Draw,False,False,False,False,False,United States,Portugal,2,2,Draw
814,2014,Brazil,2014-06-26,Group Stage,1,Group G,Normal Time,False,False,False,False,False,Germany,United States,1,0,Win
814,2014,Brazil,2014-06-26,Group Stage,1,Group G,Normal Time,False,False,False,False,False,United States,Germany,0,1,Loss
815,2014,Brazil,2014-06-26,Group Stage,1,Group G,Normal Time,False,False,False,False,False,Ghana,Portugal,1,2,Loss
815,2014,Brazil,2014-06-26,Group Stage,1,Group G,Normal Time,False,False,False,False,False,Portugal,Ghana,2,1,Win
816,2014,Brazil,2014-06-17,Group Stage,1,Group H,Normal Time,False,False,False,False,False,Algeria,Belgium,1,2,Loss
816,2014,Brazil,2014-06-17,Group Stage,1,Group H,Normal Time,False,False,False,False,False,Belgium,Algeria,2,1,Win
817,2014,Brazil,2014-06-17,Group Stage,1,Group H,Draw,False,False,False,False,False,Russia,South Korea,1,1,Draw
817,2014,Brazil,2014-06-17,Group Stage,1,Group H,Draw,False,False,False,False,False,South Korea,Russia,1,1,Draw
818,2014,Brazil,2014-06-22,Group Stage,1,Group H,Normal Time,False,False,False,False,False,Belgium,Russia,1,0,Win
818,2014,Brazil,2014-06-22,Group Stage,1,Group H,Normal Time,False,False,False,False,False,Russia,Belgium,0,1,Loss
819,2014,Brazil,2014-06-22,Group Stage,1,Group H,Normal Time,False,False,False,False,False,Algeria,South Korea,4,2,Win
819,2014,Brazil,2014-06-22,Group Stage,1,Group H,Normal Time,False,False,False,False,False,South Korea,Algeria,2,4,Loss
820,2014,Brazil,2014-06-26,Group Stage,1,Group H,Normal Time,False,False,False,False,False,Belgium,South Korea,1,0,Win
820,2014,Brazil,2014-06-26,Group Stage,1,Group H,Normal Time,False,False,False,False,False,South Korea,Belgium,0,1,Loss
821,2014,Brazil,2014-06-26,Group Stage,1,Group H,Draw,False,False,False,False,False,Algeria,Russia,1,1,Draw
821,2014,Brazil,2014-06-26,Group Stage,1,Group H,Draw,False,False,False,False,False,Russia,Algeria,1,1,Draw
822,2014,Brazil,2014-06-28,Round of 16,3,,Penalties,False,True,True,True,False,Brazil,Chile,1,1,Win
822,2014,Brazil,2014-06-28,Round of 16,3,,Penalties,False,True,True,True,False,Chile,Brazil,1,1,Loss
823,2014,Brazil,2014-06-28,Round of 16,3,,Normal Time,False,False,False,True,False,Colombia,Uruguay,2,0,Win
823,2014,Brazil,2014-06-28,Round of 16,3,,Normal Time,False,False,False,True,False,Uruguay,Colombia,0,2,Loss
824,2014,Brazil,2014-06-29,Round of 16,3,,Normal Time,False,False,False,True,False,Mexico,Netherlands,1,2,Loss
824,2014,Brazil,2014-06-29,Round of 16,3,,Normal Time,False,False,False,True,False,Netherlands,Mexico,2,1,Win
825,2014,Brazil,2014-06-29,Round of 16,3,,Penalties,False,True,True,True,False,Costa Rica,Greece,1,1,Win
825,2014,Brazil,2014-06-29,Round of 16,3,,Penalties,False,True,True,True,False,Greece,Costa Rica,1,1,Loss
826,2014,Brazil,2014-06-30,Round of 16,3,,Normal Time,False,False,False,True,False,France,Nigeria,2,0,Win
826,2014,Brazil,2014-06-30,Round of 16,3,,Normal Time,False,False,False,True,False,Nigeria,France,0,2,Loss
827,2014,Brazil,2014-06-30,Round of 16,3,,Extra Time,False,True,False,True,False,Algeria,Germany,0,0,Loss
827,2014,Brazil,2014-06-30,Round of 16,3,,Extra Time,False,True,False,True,False,Germany,Algeria,0,0,Win
828,2014,Brazil,2014-07-01,Round of 16,3,,Extra Time,False,True,False,True,False,Argentina,Switzerland,0,0,Win
828,2014,Brazil,2014-07-01,Round of 16,3,,Extra Time,False,True,False,True,False,Switzerland,Argentina,0,0,Loss
829,2014,Brazil,2014-07-01,Round of 16,3,,Extra Time,False,True,False,True,False,Belgium,United States,0,0,Win
829,2014,Brazil,2014-07-01,Round of 16,3,,Extra Time,False,True,False,True,False,United States,Belgium,0,0,Loss
830,2014,Brazil,2014-07-04,Quarter-final,4,,Normal Time,False,False,False,True,False,France,Germany,0,1,Loss
830,2014,Brazil,2014-07-04,Quarter-final,4,,Normal Time,False,False,False,True,False,Germany,France,1,0,Win
831,2014,Brazil,2014-07-04,Quarter-final,4,,Normal Time,False,False,False,True,False,Brazil,Colombia,2,1,Win
831,2014,Brazil,2014-07-04,Quarter-final,4,,Normal Time,False,False,False,True,False,Colombia,Brazil,1,2,Loss
832,2014,Brazil,2014-07-05,Quarter-final,4,,Normal Time,False,False,False,True,False,Argentina,Belgium,1,0,Win
832,2014,Brazil,2014-07-05,Quarter-final,4,,Normal Time,False,False,False,True,False,Belgium,Argentina,0,1,Loss
833,2014,Brazil,2014-07-05,Quarter-final,4,,Penalties,False,True,True,True,False,Costa Rica,Netherlands,0,0,Loss
833,2014,Brazil,2014-07-05,Quarter-final,4,,Penalties,False,True,True,True,False,Netherlands,Costa Rica,0,0,Win
834,2014,Brazil,2014-07-08,Semi-final,5,,Normal Time,False,False,False,True,False,Brazil,Germany,1,7,Loss
834,2014,Brazil,2014-07-08,Semi-final,5,,Normal Time,False,False,False,True,False,Germany,Brazil,7,1,Win
835,2014,Brazil,2014-07-09,Semi-final,5,,Penalties,False,True,True,True,False,Argentina,Netherlands,0,0,Win
835,2014,Brazil,2014-07-09,Semi-final,5,,Penalties,False,True,True,True,False,Netherlands,Argentina,0,0,Loss
836,2014,Brazil,2014-07-12,Third Place Play-off,6,,Normal Time,False,False,False,True,False,Brazil,Netherlands,0,3,Loss
836,2014,Brazil,2014-07-12,Third Place Play-off,6,,Normal Time,False,False,False,True,False,Netherlands,Brazil,3,0,Win
837,2014,Brazil,2014-07-13,Final,7,,Extra Time,False,True,False,True,False,Argentina,Germany,0,0,Loss
837,2014,Brazil,2014-07-13,Final,7,,Extra Time,False,True,False,True,False,Germany,Argentina,0,0,Win
838,2018,Russia,2018-06-14,Group Stage,1,Group A,Normal Time,False,False,False,True,False,Russia,Saudi Arabia,5,0,Win
838,2018,Russia,2018-06-14,Group Stage,1,Group A,Normal Time,False,False,False,True,False,Saudi Arabia,Russia,0,5,Loss
839,2018,Russia,2018-06-15,Group Stage,1,Group A,Normal Time,False,False,False,True,False,Egypt,Uruguay,0,1,Loss
839,2018,Russia,2018-06-15,Group Stage,1,Group A,Normal Time,False,False,False,True,False,Uruguay,Egypt,1,0,Win
840,2018,Russia,2018-06-19,Group Stage,1,Group A,Normal Time,False,False,False,True,False,Egypt,Russia,1,3,Loss
840,2018,Russia,2018-06-19,Group Stage,1,Group A,Normal Time,False,False,False,True,False,Russia,Egypt,3,1,Win
841,2018,Russia,2018-06-20,Group Stage,1,Group A,Normal Time,False,False,False,True,False,Saudi Arabia,Uruguay,0,1,Loss
841,2018,Russia,2018-06-20,Group Stage,1,Group A,Normal Time,False,False,False,True,False,Uruguay,Saudi Arabia,1,0,Win
842,2018,Russia,2018-06-25,Group Stage,1,Group A,Normal Time,False,False,False,True,False,Russia,Uruguay,0,3,Loss
842,2018,Russia,2018-06-25,Group Stage,1,Group A,Normal Time,False,False,False,True,False,Uruguay,Russia,3,0,Win
843,2018,Russia,2018-06-25,Group Stage,1,Group A,Normal Time,False,False,False,True,False,Egypt,Saudi Arabia,1,2,Loss
843,2018,Russia,2018-06-25,Group Stage,1,Group A,Normal Time,False,False,False,True,False,Saudi Arabia,Egypt,2,1,Win
844,2018,Russia,2018-06-15,Group Stage,1,Group B,Normal Time,False,False,False,True,False,Iran,Morocco,1,0,Win
844,2018,Russia,2018-06-15,Group Stage,1,Group B,Normal Time,False,False,False,True,False,Morocco,Iran,0,1,Loss
845,2018,Russia,2018-06-15,Group Stage,1,Group B,Draw,False,False,False,True,False,Portugal,Spain,3,3,Draw
845,2018,Russia,2018-06-15,Group Stage,1,Group B,Draw,False,False,False,True,False,Spain,Portugal,3,3,Draw
846,2018,Russia,2018-06-20,Group Stage,1,Group B,Normal Time,False,False,False,True,False,Morocco,Portugal,0,1,Loss
846,2018,Russia,2018-06-20,Group Stage,1,Group B,Normal Time,False,False,False,True,False,Portugal,Morocco,1,0,Win
847,2018,Russia,2018-06-20,Group Stage,1,Group B,Normal Time,False,False,False,True,False,Iran,Spain,0,1,Loss
847,2018,Russia,2018-06-20,Group Stage,1,Group B,Normal Time,False,False,False,True,False,Spain,Iran,1,0,Win
848,2018,Russia,2018-06-25,Group Stage,1,Group B,Draw,False,False,False,True,False,Iran,Portugal,1,1,Draw
848,2018,Russia,2018-06-25,Group Stage,1,Group B,Draw,False,False,False,True,False,Portugal,Iran,1,1,Draw
849,2018,Russia,2018-06-25,Group Stage,1,Group B,Draw,False,False,False,True,False,Morocco,Spain,2,2,Draw
849,2018,Russia,2018-06-25,Group Stage,1,Group B,Draw,False,False,False,True,False,Spain,Morocco,2,2,Draw
850,2018,Russia,2018-06-16,Group Stage,1,Group C,Normal Time,False,False,False,True,False,Australia,France,1,2,Loss
850,2018,Russia,2018-06-16,Group Stage,1,Group C,Normal Time,False,False,False,True,False,France,Australia,2,1,Win
851,2018,Russia,2018-06-16,Group Stage,1,Group C,Normal Time,False,False,False,True,False,Denmark,Peru,1,0,Win
851,2018,Russia,2018-06-16,Group Stage,1,Group C,Normal Time,False,False,False,True,False,Peru,Denmark,0,1,Loss
852,2018,Russia,2018-06-21,Group Stage,1,Group C,Draw,False,False,False,True,False,Australia,Denmark,1,1,Draw
852,2018,Russia,2018-06-21,Group Stage,1,Group C,Draw,False,False,False,True,False,Denmark,Australia,1,1,Draw
853,2018,Russia,2018-06-21,Group Stage,1,Group C,Normal Time,False,False,False,True,False,France,Peru,1,0,Win
853,2018,Russia,2018-06-21,Group Stage,1,Group C,Normal Time,False,False,False,True,False,Peru,France,0,1,Loss
854,2018,Russia,2018-06-26,Group Stage,1,Group C,Draw,False,False,False,True,False,Denmark,France,0,0,Draw
854,2018,Russia,2018-06-26,Group Stage,1,Group C,Draw,False,False,False,True,False,France,Denmark,0,0,Draw
855,2018,Russia,2018-06-26,Group Stage,1,Group C,Normal Time,False,False,False,True,False,Australia,Peru,0,2,Loss
855,2018,Russia,2018-06-26,Group Stage,1,Group C,Normal Time,False,False,False,True,False,Peru,Australia,2,0,Win
856,2018,Russia,2018-06-16,Group Stage,1,Group D,Draw,False,False,False,True,False,Argentina,Iceland,1,1,Draw
856,2018,Russia,2018-06-16,Group Stage,1,Group D,Draw,False,False,False,True,False,Iceland,Argentina,1,1,Draw
857,2018,Russia,2018-06-16,Group Stage,1,Group D,Normal Time,False,False,False,True,False,Croatia,Nigeria,2,0,Win
857,2018,Russia,2018-06-16,Group Stage,1,Group D,Normal Time,False,False,False,True,False,Nigeria,Croatia,0,2,Loss
858,2018,Russia,2018-06-21,Group Stage,1,Group D,Normal Time,False,False,False,True,False,Argentina,Croatia,0,3,Loss
858,2018,Russia,2018-06-21,Group Stage,1,Group D,Normal Time,False,False,False,True,False,Croatia,Argentina,3,0,Win
859,2018,Russia,2018-06-22,Group Stage,1,Group D,Normal Time,False,False,False,True,False,Iceland,Nigeria,0,2,Loss
859,2018,Russia,2018-06-22,Group Stage,1,Group D,Normal Time,False,False,False,True,False,Nigeria,Iceland,2,0,Win
860,2018,Russia,2018-06-26,Group Stage,1,Group D,Normal Time,False,False,False,True,False,Argentina,Nigeria,2,1,Win
860,2018,Russia,2018-06-26,Group Stage,1,Group D,Normal Time,False,False,False,True,False,Nigeria,Argentina,1,2,Loss
861,2018,Russia,2018-06-26,Group Stage,1,Group D,Normal Time,False,False,False,True,False,Croatia,Iceland,2,1,Win
861,2018,Russia,2018-06-26,Group Stage,1,Group D,Normal Time,False,False,False,True,False,Iceland,Croatia,1,2,Loss
862,2018,Russia,2018-06-17,Group Stage,1,Group E,Normal Time,False,False,False,True,False,Costa Rica,Serbia,0,1,Loss
862,2018,Russia,2018-06-17,Group Stage,1,Group E,Normal Time,False,False,False,True,False,Serbia,Costa Rica,1,0,Win
863,2018,Russia,2018-06-17,Group Stage,1,Group E,Draw,False,False,False,True,False,Brazil,Switzerland,1,1,Draw
863,2018,Russia,2018-06-17,Group Stage,1,Group E,Draw,False,False,False,True,False,Switzerland,Brazil,1,1,Draw
864,2018,Russia,2018-06-22,Group Stage,1,Group E,Normal Time,False,False,False,True,False,Brazil,Costa Rica,2,0,Win
864,2018,Russia,2018-06-22,Group Stage,1,Group E,Normal Time,False,False,False,True,False,Costa Rica,Brazil,0,2,Loss
865,2018,Russia,2018-06-22,Group Stage,1,Group E,Normal Time,False,False,False,True,False,Serbia,Switzerland,1,2,Loss
865,2018,Russia,2018-06-22,Group Stage,1,Group E,Normal Time,False,False,False,True,False,Switzerland,Serbia,2,1,Win
866,2018,Russia,2018-06-27,Group Stage,1,Group E,Normal Time,False,False,False,True,False,Brazil,Serbia,2,0,Win
866,2018,Russia,2018-06-27,Group Stage,1,Group E,Normal Time,False,False,False,True,False,Serbia,Brazil,0,2,Loss
867,2018,Russia,2018-06-27,Group Stage,1,Group E,Draw,False,False,False,True,False,Costa Rica,Switzerland,2,2,Draw
867,2018,Russia,2018-06-27,Group Stage,1,Group E,Draw,False,False,False,True,False,Switzerland,Costa Rica,2,2,Draw
868,2018,Russia,2018-06-17,Group Stage,1,Group F,Normal Time,False,False,False,True,False,Germany,Mexico,0,1,Loss
868,2018,Russia,2018-06-17,Group Stage,1,Group F,Normal Time,False,False,False,True,False,Mexico,Germany,1,0,Win
869,2018,Russia,2018-06-18,Group Stage,1,Group F,Normal Time,False,False,False,True,False,South Korea,Sweden,0,1,Loss
869,2018,Russia,2018-06-18,Group Stage,1,Group F,Normal Time,False,False,False,True,False,Sweden,South Korea,1,0,Win
870,2018,Russia,2018-06-23,Group Stage,1,Group F,Normal Time,False,False,False,True,False,Mexico,South Korea,2,1,Win
870,2018,Russia,2018-06-23,Group Stage,1,Group F,Normal Time,False,False,False,True,False,South Korea,Mexico,1,2,Loss
871,2018,Russia,2018-06-23,Group Stage,1,Group F,Normal Time,False,False,False,True,False,Germany,Sweden,2,1,Win
871,2018,Russia,2018-06-23,Group Stage,1,Group F,Normal Time,False,False,False,True,False,Sweden,Germany,1,2,Loss
872,2018,Russia,2018-06-27,Group Stage,1,Group F,Normal Time,False,False,False,True,False,Germany,South Korea,0,2,Loss
872,2018,Russia,2018-06-27,Group Stage,1,Group F,Normal Time,False,False,False,True,False,South Korea,Germany,2,0,Win
873,2018,Russia,2018-06-27,Group Stage,1,Group F,Normal Time,False,False,False,True,False,Mexico,Sweden,0,3,Loss
873,2018,Russia,2018-06-27,Group Stage,1,Group F,Normal Time,False,False,False,True,False,Sweden,Mexico,3,0,Win
874,2018,Russia,2018-06-18,Group Stage,1,Group G,Normal Time,False,False,False,True,False,Belgium,Panama,3,0,Win
874,2018,Russia,2018-06-18,Group Stage,1,Group G,Normal Time,False,False,False,True,False,Panama,Belgium,0,3,Loss
875,2018,Russia,2018-06-18,Group Stage,1,Group G,Normal Time,False,False,False,True,False,England,Tunisia,2,1,Win
875,2018,Russia,2018-06-18,Group Stage,1,Group G,Normal Time,False,False,False,True,False,Tunisia,England,1,2,Loss
876,2018,Russia,2018-06-23,Group Stage,1,Group G,Normal Time,False,False,False,True,False,Belgium,Tunisia,5,2,Win
876,2018,Russia,2018-06-23,Group Stage,1,Group G,Normal Time,False,False,False,True,False,Tunisia,Belgium,2,5,Loss
877,2018,Russia,2018-06-24,Group Stage,1,Group G,Normal Time,False,False,False,True,False,England,Panama,6,1,Win
877,2018,Russia,2018-06-24,Group Stage,1,Group G,Normal Time,False,False,False,True,False,Panama,England,1,6,Loss
878,2018,Russia,2018-06-28,Group Stage,1,Group G,Normal Time,False,False,False,True,False,Belgium,England,1,0,Win
878,2018,Russia,2018-06-28,Group Stage,1,Group G,Normal Time,False,False,False,True,False,England,Belgium,0,1,Loss
879,2018,Russia,2018-06-28,Group Stage,1,Group G,Normal Time,False,False,False,True,False,Panama,Tunisia,1,2,Loss
879,2018,Russia,2018-06-28,Group Stage,1,Group G,Normal Time,False,False,False,True,False,Tunisia,Panama,2,1,Win
880,2018,Russia,2018-06-19,Group Stage,1,Group H,Normal Time,False,False,False,True,False,Colombia,Japan,1,2,Loss
880,2018,Russia,2018-06-19,Group Stage,1,Group H,Normal Time,False,False,False,True,False,Japan,Colombia,2,1,Win
881,2018,Russia,2018-06-19,Group Stage,1,Group H,Normal Time,False,False,False,True,False,Poland,Senegal,1,2,Loss
881,2018,Russia,2018-06-19,Group Stage,1,Group H,Normal Time,False,False,False,True,False,Senegal,Poland,2,1,Win
882,2018,Russia,2018-06-24,Group Stage,1,Group H,Draw,False,False,False,True,False,Japan,Senegal,2,2,Draw
882,2018,Russia,2018-06-24,Group Stage,1,Group H,Draw,False,False,False,True,False,Senegal,Japan,2,2,Draw
883,2018,Russia,2018-06-24,Group Stage,1,Group H,Normal Time,False,False,False,True,False,Colombia,Poland,3,0,Win
883,2018,Russia,2018-06-24,Group Stage,1,Group H,Normal Time,False,False,False,True,False,Poland,Colombia,0,3,Loss
884,2018,Russia,2018-06-28,Group Stage,1,Group H,Normal Time,False,False,False,True,False,Japan,Poland,0,1,Loss
884,2018,Russia,2018-06-28,Group Stage,1,Group H,Normal Time,False,False,False,True,False,Poland,Japan,1,0,Win
885,2018,Russia,2018-06-28,Group Stage,1,Group H,Normal Time,False,False,False,True,False,Colombia,Senegal,1,0,Win
885,2018,Russia,2018-06-28,Group Stage,1,Group H,Normal Time,False,False,False,True,False,Senegal,Colombia,0,1,Loss
886,2018,Russia,2018-06-30,Round of 16,3,,Normal Time,False,False,False,True,False,Argentina,France,3,4,Loss
886,2018,Russia,2018-06-30,Round of 16,3,,Normal Time,False,False,False,True,False,France,Argentina,4,3,Win
887,2018,Russia,2018-06-30,Round of 16,3,,Normal Time,False,False,False,True,False,Portugal,Uruguay,1,2,Loss
887,2018,Russia,2018-06-30,Round of 16,3,,Normal Time,False,False,False,True,False,Uruguay,Portugal,2,1,Win
888,2018,Russia,2018-07-01,Round of 16,3,,Penalties,False,True,True,True,False,Russia,Spain,1,1,Win
888,2018,Russia,2018-07-01,Round of 16,3,,Penalties,False,True,True,True,False,Spain,Russia,1,1,Loss
889,2018,Russia,2018-07-01,Round of 16,3,,Penalties,False,True,True,True,False,Croatia,Denmark,1,1,Win
889,2018,Russia,2018-07-01,Round of 16,3,,Penalties,False,True,True,True,False,Denmark,Croatia,1,1,Loss
890,2018,Russia,2018-07-02,Round of 16,3,,Normal Time,False,False,False,True,False,Brazil,Mexico,2,0,Win
890,2018,Russia,2018-07-02,Round of 16,3,,Normal Time,False,False,False,True,False,Mexico,Brazil,0,2,Loss
891,2018,Russia,2018-07-02,Round of 16,3,,Normal Time,False,False,False,True,False,Belgium,Japan,3,2,Win
891,2018,Russia,2018-07-02,Round of 16,3,,Normal Time,False,False,False,True,False,Japan,Belgium,2,3,Loss
892,2018,Russia,2018-07-03,Round of 16,3,,Normal Time,False,False,False,True,False,Sweden,Switzerland,1,0,Win
892,2018,Russia,2018-07-03,Round of 16,3,,Normal Time,False,False,False,True,False,Switzerland,Sweden,0,1,Loss
893,2018,Russia,2018-07-03,Round of 16,3,,Penalties,False,True,True,True,False,Colombia,England,1,1,Loss
893,2018,Russia,2018-07-03,Round of 16,3,,Penalties,False,True,True,True,False,England,Colombia,1,1,Win
894,2018,Russia,2018-07-06,Quarter-final,4,,Normal Time,False,False,False,True,False,France,Uruguay,2,0,Win
894,2018,Russia,2018-07-06,Quarter-final,4,,Normal Time,False,False,False,True,False,Uruguay,France,0,2,Loss
895,2018,Russia,2018-07-06,Quarter-final,4,,Normal Time,False,False,False,True,False,Belgium,Brazil,2,1,Win
895,2018,Russia,2018-07-06,Quarter-final,4,,Normal Time,False,False,False,True,False,Brazil,Belgium,1,2,Loss
896,2018,Russia,2018-07-07,Quarter-final,4,,Normal Time,False,False,False,True,False,England,Sweden,2,0,Win
896,2018,Russia,2018-07-07,Quarter-final,4,,Normal Time,False,False,False,True,False,Sweden,England,0,2,Loss
897,2018,Russia,2018-07-07,Quarter-final,4,,Penalties,False,True,True,True,False,Croatia,Russia,1,1,Win
897,2018,Russia,2018-07-07,Quarter-final,4,,Penalties,False,True,True,True,False,Russia,Croatia,1,1,Loss
898,2018,Russia,2018-07-10,Semi-final,5,,Normal Time,False,False,False,True,False,Belgium,France,0,1,Loss
898,2018,Russia,2018-07-10,Semi-final,5,,Normal Time,False,False,False,True,False,France,Belgium,1,0,Win
899,2018,Russia,2018-07-11,Semi-final,5,,Extra Time,False,True,False,True,False,Croatia,England,1,1,Win
899,2018,Russia,2018-07-11,Semi-final,5,,Extra Time,False,True,False,True,False,England,Croatia,1,1,Loss
900,2018,Russia,2018-07-14,Third Place Play-off,6,,Normal Time,False,False,False,True,False,Belgium,England,2,0,Win
900,2018,Russia,2018-07-14,Third Place Play-off,6,,Normal Time,False,False,False,True,False,England,Belgium,0,2,Loss
901,2018,Russia,2018-07-15,Final,7,,Normal Time,False,False,False,True,False,Croatia,France,2,4,Loss
901,2018,Russia,2018-07-15,Final,7,,Normal Time,False,False,False,True,False,France,Croatia,4,2,Win
902,2022,Qatar,2022-11-20,Group Stage,1,Group A,Normal Time,False,False,False,True,False,Ecuador,Qatar,2,0,Win
902,2022,Qatar,2022-11-20,Group Stage,1,Group A,Normal Time,False,False,False,True,False,Qatar,Ecuador,0,2,Loss
903,2022,Qatar,2022-11-21,Group Stage,1,Group A,Normal Time,False,False,False,True,False,Netherlands,Senegal,2,0,Win
903,2022,Qatar,2022-11-21,Group Stage,1,Group A,Normal Time,False,False,False,True,False,Senegal,Netherlands,0,2,Loss
904,2022,Qatar,2022-11-25,Group Stage,1,Group A,Normal Time,False,False,False,True,False,Qatar,Senegal,1,3,Loss
904,2022,Qatar,2022-11-25,Group Stage,1,Group A,Normal Time,False,False,False,True,False,Senegal,Qatar,3,1,Win
905,2022,Qatar,2022-11-25,Group Stage,1,Group A,Draw,False,False,False,True,False,Ecuador,Netherlands,1,1,Draw
905,2022,Qatar,2022-11-25,Group Stage,1,Group A,Draw,False,False,False,True,False,Netherlands,Ecuador,1,1,Draw
906,2022,Qatar,2022-11-29,Group Stage,1,Group A,Normal Time,False,False,False,True,False,Ecuador,Senegal,1,2,Loss
906,2022,Qatar,2022-11-29,Group Stage,1,Group A,Normal Time,False,False,False,True,False,Senegal,Ecuador,2,1,Win
907,2022,Qatar,2022-11-29,Group Stage,1,Group A,Normal Time,False,False,False,True,False,Netherlands,Qatar,2,0,Win
907,2022,Qatar,2022-11-29,Group Stage,1,Group A,Normal Time,False,False,False,True,False,Qatar,Netherlands,0,2,Loss
908,2022,Qatar,2022-11-21,Group Stage,1,Group B,Normal Time,False,False,False,True,False,England,Iran,6,2,Win
908,2022,Qatar,2022-11-21,Group Stage,1,Group B,Normal Time,False,False,False,True,False,Iran,England,2,6,Loss
909,2022,Qatar,2022-11-21,Group Stage,1,Group B,Draw,False,False,False,True,False,United States,Wales,1,1,Draw
909,2022,Qatar,2022-11-21,Group Stage,1,Group B,Draw,False,False,False,True,False,Wales,United States,1,1,Draw
910,2022,Qatar,2022-11-25,Group Stage,1,Group B,Normal Time,False,False,False,True,False,Iran,Wales,2,0,Win
910,2022,Qatar,2022-11-25,Group Stage,1,Group B,Normal Time,False,False,False,True,False,Wales,Iran,0,2,Loss
911,2022,Qatar,2022-11-25,Group Stage,1,Group B,Draw,False,False,False,False,False,England,United States,0,0,Draw
911,2022,Qatar,2022-11-25,Group Stage,1,Group B,Draw,False,False,False,False,False,United States,England,0,0,Draw
912,2022,Qatar,2022-11-29,Group Stage,1,Group B,Normal Time,False,False,False,True,False,England,Wales,3,0,Win
912,2022,Qatar,2022-11-29,Group Stage,1,Group B,Normal Time,False,False,False,True,False,Wales,England,0,3,Loss
913,2022,Qatar,2022-11-29,Group Stage,1,Group B,Normal Time,False,False,False,True,False,Iran,United States,0,1,Loss
913,2022,Qatar,2022-11-29,Group Stage,1,Group B,Normal Time,False,False,False,True,False,United States,Iran,1,0,Win
914,2022,Qatar,2022-11-22,Group Stage,1,Group C,Normal Time,False,False,False,True,False,Argentina,Saudi Arabia,1,2,Loss
914,2022,Qatar,2022-11-22,Group Stage,1,Group C,Normal Time,False,False,False,True,False,Saudi Arabia,Argentina,2,1,Win
915,2022,Qatar,2022-11-22,Group Stage,1,Group C,Draw,False,False,False,False,False,Mexico,Poland,0,0,Draw
915,2022,Qatar,2022-11-22,Group Stage,1,Group C,Draw,False,False,False,False,False,Poland,Mexico,0,0,Draw
916,2022,Qatar,2022-11-26,Group Stage,1,Group C,Normal Time,False,False,False,True,False,Poland,Saudi Arabia,2,0,Win
916,2022,Qatar,2022-11-26,Group Stage,1,Group C,Normal Time,False,False,False,True,False,Saudi Arabia,Poland,0,2,Loss
917,2022,Qatar,2022-11-26,Group Stage,1,Group C,Normal Time,False,False,False,True,False,Argentina,Mexico,2,0,Win
917,2022,Qatar,2022-11-26,Group Stage,1,Group C,Normal Time,False,False,False,True,False,Mexico,Argentina,0,2,Loss
918,2022,Qatar,2022-11-30,Group Stage,1,Group C,Normal Time,False,False,False,True,False,Argentina,Poland,2,0,Win
918,2022,Qatar,2022-11-30,Group Stage,1,Group C,Normal Time,False,False,False,True,False,Poland,Argentina,0,2,Loss
919,2022,Qatar,2022-11-30,Group Stage,1,Group C,Normal Time,False,False,False,True,False,Mexico,Saudi Arabia,2,1,Win
919,2022,Qatar,2022-11-30,Group Stage,1,Group C,Normal Time,False,False,False,True,False,Saudi Arabia,Mexico,1,2,Loss
920,2022,Qatar,2022-11-22,Group Stage,1,Group D,Draw,False,False,False,False,False,Denmark,Tunisia,0,0,Draw
920,2022,Qatar,2022-11-22,Group Stage,1,Group D,Draw,False,False,False,False,False,Tunisia,Denmark,0,0,Draw
921,2022,Qatar,2022-11-22,Group Stage,1,Group D,Normal Time,False,False,False,True,False,Australia,France,1,4,Loss
921,2022,Qatar,2022-11-22,Group Stage,1,Group D,Normal Time,False,False,False,True,False,France,Australia,4,1,Win
922,2022,Qatar,2022-11-26,Group Stage,1,Group D,Normal Time,False,False,False,True,False,Australia,Tunisia,1,0,Win
922,2022,Qatar,2022-11-26,Group Stage,1,Group D,Normal Time,False,False,False,True,False,Tunisia,Australia,0,1,Loss
923,2022,Qatar,2022-11-26,Group Stage,1,Group D,Normal Time,False,False,False,True,False,Denmark,France,1,2,Loss
923,2022,Qatar,2022-11-26,Group Stage,1,Group D,Normal Time,False,False,False,True,False,France,Denmark,2,1,Win
924,2022,Qatar,2022-11-30,Group Stage,1,Group D,Normal Time,False,False,False,True,False,Australia,Denmark,1,0,Win
924,2022,Qatar,2022-11-30,Group Stage,1,Group D,Normal Time,False,False,False,True,False,Denmark,Australia,0,1,Loss
925,2022,Qatar,2022-11-30,Group Stage,1,Group D,Normal Time,False,False,False,True,False,France,Tunisia,0,1,Loss
925,2022,Qatar,2022-11-30,Group Stage,1,Group D,Normal Time,False,False,False,True,False,Tunisia,France,1,0,Win
926,2022,Qatar,2022-11-23,Group Stage,1,Group E,Normal Time,False,False,False,True,False,Germany,Japan,1,2,Loss
926,2022,Qatar,2022-11-23,Group Stage,1,Group E,Normal Time,False,False,False,True,False,Japan,Germany,2,1,Win
927,2022,Qatar,2022-11-23,Group Stage,1,Group E,Normal Time,False,False,False,True,False,Costa Rica,Spain,0,7,Loss
927,2022,Qatar,2022-11-23,Group Stage,1,Group E,Normal Time,False,False,False,True,False,Spain,Costa Rica,7,0,Win
928,2022,Qatar,2022-11-27,Group Stage,1,Group E,Normal Time,False,False,False,True,False,Costa Rica,Japan,1,0,Win
928,2022,Qatar,2022-11-27,Group Stage,1,Group E,Normal Time,False,False,False,True,False,Japan,Costa Rica,0,1,Loss
929,2022,Qatar,2022-11-27,Group Stage,1,Group E,Draw,False,False,False,True,False,Germany,Spain,1,1,Draw
929,2022,Qatar,2022-11-27,Group Stage,1,Group E,Draw,False,False,False,True,False,Spain,Germany,1,1,Draw
930,2022,Qatar,2022-12-01,Group Stage,1,Group E,Normal Time,False,False,False,True,False,Japan,Spain,2,1,Win
930,2022,Qatar,2022-12-01,Group Stage,1,Group E,Normal Time,False,False,False,True,False,Spain,Japan,1,2,Loss
931,2022,Qatar,2022-12-01,Group Stage,1,Group E,Normal Time,False,False,False,True,False,Costa Rica,Germany,2,4,Loss
931,2022,Qatar,2022-12-01,Group Stage,1,Group E,Normal Time,False,False,False,True,False,Germany,Costa Rica,4,2,Win
932,2022,Qatar,2022-11-23,Group Stage,1,Group F,Draw,False,False,False,False,False,Croatia,Morocco,0,0,Draw
932,2022,Qatar,2022-11-23,Group Stage,1,Group F,Draw,False,False,False,False,False,Morocco,Croatia,0,0,Draw
933,2022,Qatar,2022-11-23,Group Stage,1,Group F,Normal Time,False,False,False,True,False,Belgium,Canada,1,0,Win
933,2022,Qatar,2022-11-23,Group Stage,1,Group F,Normal Time,False,False,False,True,False,Canada,Belgium,0,1,Loss
934,2022,Qatar,2022-11-27,Group Stage,1,Group F,Normal Time,False,False,False,True,False,Belgium,Morocco,0,2,Loss
934,2022,Qatar,2022-11-27,Group Stage,1,Group F,Normal Time,False,False,False,True,False,Morocco,Belgium,2,0,Win
935,2022,Qatar,2022-11-27,Group Stage,1,Group F,Normal Time,False,False,False,True,False,Canada,Croatia,1,4,Loss
935,2022,Qatar,2022-11-27,Group Stage,1,Group F,Normal Time,False,False,False,True,False,Croatia,Canada,4,1,Win
936,2022,Qatar,2022-12-01,Group Stage,1,Group F,Draw,False,False,False,False,False,Belgium,Croatia,0,0,Draw
936,2022,Qatar,2022-12-01,Group Stage,1,Group F,Draw,False,False,False,False,False,Croatia,Belgium,0,0,Draw
937,2022,Qatar,2022-12-01,Group Stage,1,Group F,Normal Time,False,False,False,True,False,Canada,Morocco,1,2,Loss
937,2022,Qatar,2022-12-01,Group Stage,1,Group F,Normal Time,False,False,False,True,False,Morocco,Canada,2,1,Win
938,2022,Qatar,2022-11-24,Group Stage,1,Group G,Normal Time,False,False,False,True,False,Cameroon,Switzerland,0,1,Loss
938,2022,Qatar,2022-11-24,Group Stage,1,Group G,Normal Time,False,False,False,True,False,Switzerland,Cameroon,1,0,Win
939,2022,Qatar,2022-11-24,Group Stage,1,Group G,Normal Time,False,False,False,True,False,Brazil,Serbia,2,0,Win
939,2022,Qatar,2022-11-24,Group Stage,1,Group G,Normal Time,False,False,False,True,False,Serbia,Brazil,0,2,Loss
940,2022,Qatar,2022-11-28,Group Stage,1,Group G,Draw,False,False,False,True,False,Cameroon,Serbia,3,3,Draw
940,2022,Qatar,2022-11-28,Group Stage,1,Group G,Draw,False,False,False,True,False,Serbia,Cameroon,3,3,Draw
941,2022,Qatar,2022-11-28,Group Stage,1,Group G,Normal Time,False,False,False,True,False,Brazil,Switzerland,1,0,Win
941,2022,Qatar,2022-11-28,Group Stage,1,Group G,Normal Time,False,False,False,True,False,Switzerland,Brazil,0,1,Loss
942,2022,Qatar,2022-12-02,Group Stage,1,Group G,Normal Time,False,False,False,True,False,Serbia,Switzerland,2,3,Loss
942,2022,Qatar,2022-12-02,Group Stage,1,Group G,Normal Time,False,False,False,True,False,Switzerland,Serbia,3,2,Win
943,2022,Qatar,2022-12-02,Group Stage,1,Group G,Normal Time,False,False,False,True,False,Brazil,Cameroon,0,1,Loss
943,2022,Qatar,2022-12-02,Group Stage,1,Group G,Normal Time,False,False,False,True,False,Cameroon,Brazil,1,0,Win
944,2022,Qatar,2022-11-24,Group Stage,1,Group H,Draw,False,False,False,False,False,South Korea,Uruguay,0,0,Draw
944,2022,Qatar,2022-11-24,Group Stage,1,Group H,Draw,False,False,False,False,False,Uruguay,South Korea,0,0,Draw
945,2022,Qatar,2022-11-24,Group Stage,1,Group H,Normal Time,False,False,False,True,False,Ghana,Portugal,2,3,Loss
945,2022,Qatar,2022-11-24,Group Stage,1,Group H,Normal Time,False,False,False,True,False,Portugal,Ghana,3,2,Win
946,2022,Qatar,2022-11-28,Group Stage,1,Group H,Normal Time,False,False,False,True,False,Ghana,South Korea,3,2,Win
946,2022,Qatar,2022-11-28,Group Stage,1,Group H,Normal Time,False,False,False,True,False,South Korea,Ghana,2,3,Loss
947,2022,Qatar,2022-11-28,Group Stage,1,Group H,Normal Time,False,False,False,True,False,Portugal,Uruguay,2,0,Win
947,2022,Qatar,2022-11-28,Group Stage,1,Group H,Normal Time,False,False,False,True,False,Uruguay,Portugal,0,2,Loss
948,2022,Qatar,2022-12-02,Group Stage,1,Group H,Normal Time,False,False,False,False,False,Ghana,Uruguay,0,2,Loss
948,2022,Qatar,2022-12-02,Group Stage,1,Group H,Normal Time,False,False,False,False,False,Uruguay,Ghana,2,0,Win
949,2022,Qatar,2022-12-02,Group Stage,1,Group H,Normal Time,False,False,False,True,False,Portugal,South Korea,1,2,Loss
949,2022,Qatar,2022-12-02,Group Stage,1,Group H,Normal Time,False,False,False,True,False,South Korea,Portugal,2,1,Win
950,2022,Qatar,2022-12-03,Round of 16,3,,Normal Time,False,False,False,True,False,Netherlands,United States,3,1,Win
950,2022,Qatar,2022-12-03,Round of 16,3,,Normal Time,False,False,False,True,False,United States,Netherlands,1,3,Loss
951,2022,Qatar,2022-12-03,Round of 16,3,,Normal Time,False,False,False,True,False,Argentina,Australia,2,1,Win
951,2022,Qatar,2022-12-03,Round of 16,3,,Normal Time,False,False,False,True,False,Australia,Argentina,1,2,Loss
952,2022,Qatar,2022-12-04,Round of 16,3,,Normal Time,False,False,False,True,False,France,Poland,3,1,Win
952,2022,Qatar,2022-12-04,Round of 16,3,,Normal Time,False,False,False,True,False,Poland,France,1,3,Loss
953,2022,Qatar,2022-12-04,Round of 16,3,,Normal Time,False,False,False,True,False,England,Senegal,3,0,Win
953,2022,Qatar,2022-12-04,Round of 16,3,,Normal Time,False,False,False,True,False,Senegal,England,0,3,Loss
954,2022,Qatar,2022-12-05,Round of 16,3,,Penalties,False,True,True,True,False,Croatia,Japan,1,1,Win
954,2022,Qatar,2022-12-05,Round of 16,3,,Penalties,False,True,True,True,False,Japan,Croatia,1,1,Loss
955,2022,Qatar,2022-12-05,Round of 16,3,,Normal Time,False,False,False,True,False,Brazil,South Korea,4,1,Win
955,2022,Qatar,2022-12-05,Round of 16,3,,Normal Time,False,False,False,True,False,South Korea,Brazil,1,4,Loss
956,2022,Qatar,2022-12-06,Round of 16,3,,Penalties,False,True,True,True,False,Morocco,Spain,0,0,Win
956,2022,Qatar,2022-12-06,Round of 16,3,,Penalties,False,True,True,True,False,Spain,Morocco,0,0,Loss
957,2022,Qatar,2022-12-06,Round of 16,3,,Normal Time,False,False,False,True,False,Portugal,Switzerland,6,1,Win
957,2022,Qatar,2022-12-06,Round of 16,3,,Normal Time,False,False,False,True,False,Switzerland,Portugal,1,6,Loss
958,2022,Qatar,2022-12-09,Quarter-final,4,,Penalties,False,True,True,True,False,Brazil,Croatia,0,0,Loss
958,2022,Qatar,2022-12-09,Quarter-final,4,,Penalties,False,True,True,True,False,Croatia,Brazil,0,0,Win
959,2022,Qatar,2022-12-09,Quarter-final,4,,Penalties,False,True,True,True,False,Argentina,Netherlands,2,2,Win
959,2022,Qatar,2022-12-09,Quarter-final,4,,Penalties,False,True,True,True,False,Netherlands,Argentina,2,2,Loss
960,2022,Qatar,2022-12-10,Quarter-final,4,,Normal Time,False,False,False,True,False,Morocco,Portugal,1,0,Win
960,2022,Qatar,2022-12-10,Quarter-final,4,,Normal Time,False,False,False,True,False,Portugal,Morocco,0,1,Loss
961,2022,Qatar,2022-12-10,Quarter-final,4,,Normal Time,False,False,False,True,False,England,France,1,2,Loss
961,2022,Qatar,2022-12-10,Quarter-final,4,,Normal Time,False,False,False,True,False,France,England,2,1,Win
962,2022,Qatar,2022-12-13,Semi-final,5,,Normal Time,False,False,False,True,False,Argentina,Croatia,3,0,Win
962,2022,Qatar,2022-12-13,Semi-final,5,,Normal Time,False,False,False,True,False,Croatia,Argentina,0,3,Loss
963,2022,Qatar,2022-12-14,Semi-final,5,,Normal Time,False,False,False,True,False,France,Morocco,2,0,Win
963,2022,Qatar,2022-12-14,Semi-final,5,,Normal Time,False,False,False,True,False,Morocco,France,0,2,Loss
964,2022,Qatar,2022-12-17,Third Place Play-off,6,,Normal Time,False,False,False,True,False,Croatia,Morocco,2,1,Win
964,2022,Qatar,2022-12-17,Third Place Play-off,6,,Normal Time,False,False,False,True,False,Morocco,Croatia,1,2,Loss
965,2022,Qatar,2022-12-18,Final,7,,Penalties,False,True,True,True,False,Argentina,France,2,2,Win
965,2022,Qatar,2022-12-18,Final,7,,Penalties,False,True,True,True,False,France,Argentina,2,2,Loss
966,2026,"Canada, Mexico, United States",2026-06-11,Group Stage,1,Group A,Normal Time,False,False,False,True,False,Mexico,South Africa,2,0,Win
966,2026,"Canada, Mexico, United States",2026-06-11,Group Stage,1,Group A,Normal Time,False,False,False,True,False,South Africa,Mexico,0,2,Loss
967,2026,"Canada, Mexico, United States",2026-06-11,Group Stage,1,Group A,Normal Time,False,False,False,True,False,Czech Republic,South Korea,1,2,Loss
967,2026,"Canada, Mexico, United States",2026-06-11,Group Stage,1,Group A,Normal Time,False,False,False,True,False,South Korea,Czech Republic,2,1,Win
968,2026,"Canada, Mexico, United States",2026-06-18,Group Stage,1,Group A,Draw,False,False,False,True,False,Czech Republic,South Africa,1,1,Draw
968,2026,"Canada, Mexico, United States",2026-06-18,Group Stage,1,Group A,Draw,False,False,False,True,False,South Africa,Czech Republic,1,1,Draw
969,2026,"Canada, Mexico, United States",2026-06-18,Group Stage,1,Group A,Normal Time,False,False,False,True,False,Mexico,South Korea,1,0,Win
969,2026,"Canada, Mexico, United States",2026-06-18,Group Stage,1,Group A,Normal Time,False,False,False,True,False,South Korea,Mexico,0,1,Loss
970,2026,"Canada, Mexico, United States",2026-06-24,Group Stage,1,Group A,Normal Time,False,False,False,True,False,Czech Republic,Mexico,0,3,Loss
970,2026,"Canada, Mexico, United States",2026-06-24,Group Stage,1,Group A,Normal Time,False,False,False,True,False,Mexico,Czech Republic,3,0,Win
971,2026,"Canada, Mexico, United States",2026-06-24,Group Stage,1,Group A,Normal Time,False,False,False,True,False,South Africa,South Korea,1,0,Win
971,2026,"Canada, Mexico, United States",2026-06-24,Group Stage,1,Group A,Normal Time,False,False,False,True,False,South Korea,South Africa,0,1,Loss
972,2026,"Canada, Mexico, United States",2026-06-12,Group Stage,1,Group B,Draw,False,False,False,True,False,Bosnia & Herzegovina,Canada,1,1,Draw
972,2026,"Canada, Mexico, United States",2026-06-12,Group Stage,1,Group B,Draw,False,False,False,True,False,Canada,Bosnia & Herzegovina,1,1,Draw
973,2026,"Canada, Mexico, United States",2026-06-13,Group Stage,1,Group B,Draw,False,False,False,True,False,Qatar,Switzerland,1,1,Draw
973,2026,"Canada, Mexico, United States",2026-06-13,Group Stage,1,Group B,Draw,False,False,False,True,False,Switzerland,Qatar,1,1,Draw
974,2026,"Canada, Mexico, United States",2026-06-18,Group Stage,1,Group B,Normal Time,False,False,False,True,False,Bosnia & Herzegovina,Switzerland,1,4,Loss
974,2026,"Canada, Mexico, United States",2026-06-18,Group Stage,1,Group B,Normal Time,False,False,False,True,False,Switzerland,Bosnia & Herzegovina,4,1,Win
975,2026,"Canada, Mexico, United States",2026-06-18,Group Stage,1,Group B,Normal Time,False,False,False,True,False,Canada,Qatar,6,0,Win
975,2026,"Canada, Mexico, United States",2026-06-18,Group Stage,1,Group B,Normal Time,False,False,False,True,False,Qatar,Canada,0,6,Loss
976,2026,"Canada, Mexico, United States",2026-06-24,Group Stage,1,Group B,Normal Time,False,False,False,True,False,Canada,Switzerland,1,2,Loss
976,2026,"Canada, Mexico, United States",2026-06-24,Group Stage,1,Group B,Normal Time,False,False,False,True,False,Switzerland,Canada,2,1,Win
977,2026,"Canada, Mexico, United States",2026-06-24,Group Stage,1,Group B,Normal Time,False,False,False,True,False,Bosnia & Herzegovina,Qatar,3,1,Win
977,2026,"Canada, Mexico, United States",2026-06-24,Group Stage,1,Group B,Normal Time,False,False,False,True,False,Qatar,Bosnia & Herzegovina,1,3,Loss
978,2026,"Canada, Mexico, United States",2026-06-13,Group Stage,1,Group C,Draw,False,False,False,True,False,Brazil,Morocco,1,1,Draw
978,2026,"Canada, Mexico, United States",2026-06-13,Group Stage,1,Group C,Draw,False,False,False,True,False,Morocco,Brazil,1,1,Draw
979,2026,"Canada, Mexico, United States",2026-06-13,Group Stage,1,Group C,Normal Time,False,False,False,True,False,Haiti,Scotland,0,1,Loss
979,2026,"Canada, Mexico, United States",2026-06-13,Group Stage,1,Group C,Normal Time,False,False,False,True,False,Scotland,Haiti,1,0,Win
980,2026,"Canada, Mexico, United States",2026-06-19,Group Stage,1,Group C,Normal Time,False,False,False,True,False,Morocco,Scotland,1,0,Win
980,2026,"Canada, Mexico, United States",2026-06-19,Group Stage,1,Group C,Normal Time,False,False,False,True,False,Scotland,Morocco,0,1,Loss
981,2026,"Canada, Mexico, United States",2026-06-19,Group Stage,1,Group C,Normal Time,False,False,False,True,False,Brazil,Haiti,3,0,Win
981,2026,"Canada, Mexico, United States",2026-06-19,Group Stage,1,Group C,Normal Time,False,False,False,True,False,Haiti,Brazil,0,3,Loss
982,2026,"Canada, Mexico, United States",2026-06-24,Group Stage,1,Group C,Normal Time,False,False,False,True,False,Brazil,Scotland,3,0,Win
982,2026,"Canada, Mexico, United States",2026-06-24,Group Stage,1,Group C,Normal Time,False,False,False,True,False,Scotland,Brazil,0,3,Loss
983,2026,"Canada, Mexico, United States",2026-06-24,Group Stage,1,Group C,Normal Time,False,False,False,True,False,Haiti,Morocco,2,4,Loss
983,2026,"Canada, Mexico, United States",2026-06-24,Group Stage,1,Group C,Normal Time,False,False,False,True,False,Morocco,Haiti,4,2,Win
984,2026,"Canada, Mexico, United States",2026-06-12,Group Stage,1,Group D,Normal Time,False,False,False,True,False,Paraguay,United States,1,4,Loss
984,2026,"Canada, Mexico, United States",2026-06-12,Group Stage,1,Group D,Normal Time,False,False,False,True,False,United States,Paraguay,4,1,Win
985,2026,"Canada, Mexico, United States",2026-06-13,Group Stage,1,Group D,Normal Time,False,False,False,True,False,Australia,Turkey,2,0,Win
985,2026,"Canada, Mexico, United States",2026-06-13,Group Stage,1,Group D,Normal Time,False,False,False,True,False,Turkey,Australia,0,2,Loss
986,2026,"Canada, Mexico, United States",2026-06-19,Group Stage,1,Group D,Normal Time,False,False,False,True,False,Australia,United States,0,2,Loss
986,2026,"Canada, Mexico, United States",2026-06-19,Group Stage,1,Group D,Normal Time,False,False,False,True,False,United States,Australia,2,0,Win
987,2026,"Canada, Mexico, United States",2026-06-19,Group Stage,1,Group D,Normal Time,False,False,False,True,False,Paraguay,Turkey,1,0,Win
987,2026,"Canada, Mexico, United States",2026-06-19,Group Stage,1,Group D,Normal Time,False,False,False,True,False,Turkey,Paraguay,0,1,Loss
988,2026,"Canada, Mexico, United States",2026-06-25,Group Stage,1,Group D,Normal Time,False,False,False,True,False,Turkey,United States,3,2,Win
988,2026,"Canada, Mexico, United States",2026-06-25,Group Stage,1,Group D,Normal Time,False,False,False,True,False,United States,Turkey,2,3,Loss
989,2026,"Canada, Mexico, United States",2026-06-25,Group Stage,1,Group D,Draw,False,False,False,True,False,Australia,Paraguay,0,0,Draw
989,2026,"Canada, Mexico, United States",2026-06-25,Group Stage,1,Group D,Draw,False,False,False,True,False,Paraguay,Australia,0,0,Draw
990,2026,"Canada, Mexico, United States",2026-06-14,Group Stage,1,Group E,Normal Time,False,False,False,True,False,Curaçao,Germany,1,7,Loss
990,2026,"Canada, Mexico, United States",2026-06-14,Group Stage,1,Group E,Normal Time,False,False,False,True,False,Germany,Curaçao,7,1,Win
991,2026,"Canada, Mexico, United States",2026-06-14,Group Stage,1,Group E,Normal Time,False,False,False,True,False,Côte d'Ivoire,Ecuador,1,0,Win
991,2026,"Canada, Mexico, United States",2026-06-14,Group Stage,1,Group E,Normal Time,False,False,False,True,False,Ecuador,Côte d'Ivoire,0,1,Loss
992,2026,"Canada, Mexico, United States",2026-06-20,Group Stage,1,Group E,Normal Time,False,False,False,True,False,Côte d'Ivoire,Germany,1,2,Loss
992,2026,"Canada, Mexico, United States",2026-06-20,Group Stage,1,Group E,Normal Time,False,False,False,True,False,Germany,Côte d'Ivoire,2,1,Win
993,2026,"Canada, Mexico, United States",2026-06-20,Group Stage,1,Group E,Draw,False,False,False,True,False,Curaçao,Ecuador,0,0,Draw
993,2026,"Canada, Mexico, United States",2026-06-20,Group Stage,1,Group E,Draw,False,False,False,True,False,Ecuador,Curaçao,0,0,Draw
994,2026,"Canada, Mexico, United States",2026-06-25,Group Stage,1,Group E,Normal Time,False,False,False,True,False,Curaçao,Côte d'Ivoire,0,2,Loss
994,2026,"Canada, Mexico, United States",2026-06-25,Group Stage,1,Group E,Normal Time,False,False,False,True,False,Côte d'Ivoire,Curaçao,2,0,Win
995,2026,"Canada, Mexico, United States",2026-06-25,Group Stage,1,Group E,Normal Time,False,False,False,True,False,Ecuador,Germany,2,1,Win
995,2026,"Canada, Mexico, United States",2026-06-25,Group Stage,1,Group E,Normal Time,False,False,False,True,False,Germany,Ecuador,1,2,Loss
996,2026,"Canada, Mexico, United States",2026-06-14,Group Stage,1,Group F,Draw,False,False,False,True,False,Japan,Netherlands,2,2,Draw
996,2026,"Canada, Mexico, United States",2026-06-14,Group Stage,1,Group F,Draw,False,False,False,True,False,Netherlands,Japan,2,2,Draw
997,2026,"Canada, Mexico, United States",2026-06-14,Group Stage,1,Group F,Normal Time,False,False,False,True,False,Sweden,Tunisia,5,1,Win
997,2026,"Canada, Mexico, United States",2026-06-14,Group Stage,1,Group F,Normal Time,False,False,False,True,False,Tunisia,Sweden,1,5,Loss
998,2026,"Canada, Mexico, United States",2026-06-20,Group Stage,1,Group F,Normal Time,False,False,False,True,False,Netherlands,Sweden,5,1,Win
998,2026,"Canada, Mexico, United States",2026-06-20,Group Stage,1,Group F,Normal Time,False,False,False,True,False,Sweden,Netherlands,1,5,Loss
999,2026,"Canada, Mexico, United States",2026-06-20,Group Stage,1,Group F,Normal Time,False,False,False,True,False,Japan,Tunisia,4,0,Win
999,2026,"Canada, Mexico, United States",2026-06-20,Group Stage,1,Group F,Normal Time,False,False,False,True,False,Tunisia,Japan,0,4,Loss
1000,2026,"Canada, Mexico, United States",2026-06-25,Group Stage,1,Group F,Draw,False,False,False,True,False,Japan,Sweden,1,1,Draw
1000,2026,"Canada, Mexico, United States",2026-06-25,Group Stage,1,Group F,Draw,False,False,False,True,False,Sweden,Japan,1,1,Draw
1001,2026,"Canada, Mexico, United States",2026-06-25,Group Stage,1,Group F,Normal Time,False,False,False,True,False,Netherlands,Tunisia,3,1,Win
1001,2026,"Canada, Mexico, United States",2026-06-25,Group Stage,1,Group F,Normal Time,False,False,False,True,False,Tunisia,Netherlands,1,3,Loss
1002,2026,"Canada, Mexico, United States",2026-06-15,Group Stage,1,Group G,Draw,False,False,False,True,False,Belgium,Egypt,1,1,Draw
1002,2026,"Canada, Mexico, United States",2026-06-15,Group Stage,1,Group G,Draw,False,False,False,True,False,Egypt,Belgium,1,1,Draw
1003,2026,"Canada, Mexico, United States",2026-06-15,Group Stage,1,Group G,Draw,False,False,False,True,False,Iran,New Zealand,2,2,Draw
1003,2026,"Canada, Mexico, United States",2026-06-15,Group Stage,1,Group G,Draw,False,False,False,True,False,New Zealand,Iran,2,2,Draw
1004,2026,"Canada, Mexico, United States",2026-06-21,Group Stage,1,Group G,Draw,False,False,False,True,False,Belgium,Iran,0,0,Draw
1004,2026,"Canada, Mexico, United States",2026-06-21,Group Stage,1,Group G,Draw,False,False,False,True,False,Iran,Belgium,0,0,Draw
1005,2026,"Canada, Mexico, United States",2026-06-21,Group Stage,1,Group G,Normal Time,False,False,False,True,False,Egypt,New Zealand,3,1,Win
1005,2026,"Canada, Mexico, United States",2026-06-21,Group Stage,1,Group G,Normal Time,False,False,False,True,False,New Zealand,Egypt,1,3,Loss
1006,2026,"Canada, Mexico, United States",2026-06-26,Group Stage,1,Group G,Draw,False,False,False,True,False,Egypt,Iran,1,1,Draw
1006,2026,"Canada, Mexico, United States",2026-06-26,Group Stage,1,Group G,Draw,False,False,False,True,False,Iran,Egypt,1,1,Draw
1007,2026,"Canada, Mexico, United States",2026-06-26,Group Stage,1,Group G,Normal Time,False,False,False,True,False,Belgium,New Zealand,5,1,Win
1007,2026,"Canada, Mexico, United States",2026-06-26,Group Stage,1,Group G,Normal Time,False,False,False,True,False,New Zealand,Belgium,1,5,Loss
1008,2026,"Canada, Mexico, United States",2026-06-15,Group Stage,1,Group H,Draw,False,False,False,True,False,Cape Verde,Spain,0,0,Draw
1008,2026,"Canada, Mexico, United States",2026-06-15,Group Stage,1,Group H,Draw,False,False,False,True,False,Spain,Cape Verde,0,0,Draw
1009,2026,"Canada, Mexico, United States",2026-06-15,Group Stage,1,Group H,Draw,False,False,False,True,False,Saudi Arabia,Uruguay,1,1,Draw
1009,2026,"Canada, Mexico, United States",2026-06-15,Group Stage,1,Group H,Draw,False,False,False,True,False,Uruguay,Saudi Arabia,1,1,Draw
1010,2026,"Canada, Mexico, United States",2026-06-21,Group Stage,1,Group H,Normal Time,False,False,False,True,False,Saudi Arabia,Spain,0,4,Loss
1010,2026,"Canada, Mexico, United States",2026-06-21,Group Stage,1,Group H,Normal Time,False,False,False,True,False,Spain,Saudi Arabia,4,0,Win
1011,2026,"Canada, Mexico, United States",2026-06-21,Group Stage,1,Group H,Draw,False,False,False,True,False,Cape Verde,Uruguay,2,2,Draw
1011,2026,"Canada, Mexico, United States",2026-06-21,Group Stage,1,Group H,Draw,False,False,False,True,False,Uruguay,Cape Verde,2,2,Draw
1012,2026,"Canada, Mexico, United States",2026-06-26,Group Stage,1,Group H,Draw,False,False,False,True,False,Cape Verde,Saudi Arabia,0,0,Draw
1012,2026,"Canada, Mexico, United States",2026-06-26,Group Stage,1,Group H,Draw,False,False,False,True,False,Saudi Arabia,Cape Verde,0,0,Draw
1013,2026,"Canada, Mexico, United States",2026-06-26,Group Stage,1,Group H,Normal Time,False,False,False,True,False,Spain,Uruguay,1,0,Win
1013,2026,"Canada, Mexico, United States",2026-06-26,Group Stage,1,Group H,Normal Time,False,False,False,True,False,Uruguay,Spain,0,1,Loss
1014,2026,"Canada, Mexico, United States",2026-06-16,Group Stage,1,Group I,Normal Time,False,False,False,True,False,France,Senegal,3,1,Win
1014,2026,"Canada, Mexico, United States",2026-06-16,Group Stage,1,Group I,Normal Time,False,False,False,True,False,Senegal,France,1,3,Loss
1015,2026,"Canada, Mexico, United States",2026-06-16,Group Stage,1,Group I,Normal Time,False,False,False,True,False,Iraq,Norway,1,4,Loss
1015,2026,"Canada, Mexico, United States",2026-06-16,Group Stage,1,Group I,Normal Time,False,False,False,True,False,Norway,Iraq,4,1,Win
1016,2026,"Canada, Mexico, United States",2026-06-22,Group Stage,1,Group I,Normal Time,False,False,False,True,False,France,Iraq,3,0,Win
1016,2026,"Canada, Mexico, United States",2026-06-22,Group Stage,1,Group I,Normal Time,False,False,False,True,False,Iraq,France,0,3,Loss
1017,2026,"Canada, Mexico, United States",2026-06-22,Group Stage,1,Group I,Normal Time,False,False,False,True,False,Norway,Senegal,3,2,Win
1017,2026,"Canada, Mexico, United States",2026-06-22,Group Stage,1,Group I,Normal Time,False,False,False,True,False,Senegal,Norway,2,3,Loss
1018,2026,"Canada, Mexico, United States",2026-06-26,Group Stage,1,Group I,Normal Time,False,False,False,True,False,France,Norway,4,1,Win
1018,2026,"Canada, Mexico, United States",2026-06-26,Group Stage,1,Group I,Normal Time,False,False,False,True,False,Norway,France,1,4,Loss
1019,2026,"Canada, Mexico, United States",2026-06-26,Group Stage,1,Group I,Normal Time,False,False,False,True,False,Iraq,Senegal,0,5,Loss
1019,2026,"Canada, Mexico, United States",2026-06-26,Group Stage,1,Group I,Normal Time,False,False,False,True,False,Senegal,Iraq,5,0,Win
1020,2026,"Canada, Mexico, United States",2026-06-16,Group Stage,1,Group J,Normal Time,False,False,False,True,False,Algeria,Argentina,0,3,Loss
1020,2026,"Canada, Mexico, United States",2026-06-16,Group Stage,1,Group J,Normal Time,False,False,False,True,False,Argentina,Algeria,3,0,Win
1021,2026,"Canada, Mexico, United States",2026-06-16,Group Stage,1,Group J,Normal Time,False,False,False,True,False,Austria,Jordan,3,1,Win
1021,2026,"Canada, Mexico, United States",2026-06-16,Group Stage,1,Group J,Normal Time,False,False,False,True,False,Jordan,Austria,1,3,Loss
1022,2026,"Canada, Mexico, United States",2026-06-22,Group Stage,1,Group J,Normal Time,False,False,False,True,False,Argentina,Austria,2,0,Win
1022,2026,"Canada, Mexico, United States",2026-06-22,Group Stage,1,Group J,Normal Time,False,False,False,True,False,Austria,Argentina,0,2,Loss
1023,2026,"Canada, Mexico, United States",2026-06-22,Group Stage,1,Group J,Normal Time,False,False,False,True,False,Algeria,Jordan,2,1,Win
1023,2026,"Canada, Mexico, United States",2026-06-22,Group Stage,1,Group J,Normal Time,False,False,False,True,False,Jordan,Algeria,1,2,Loss
1024,2026,"Canada, Mexico, United States",2026-06-27,Group Stage,1,Group J,Draw,False,False,False,True,False,Algeria,Austria,3,3,Draw
1024,2026,"Canada, Mexico, United States",2026-06-27,Group Stage,1,Group J,Draw,False,False,False,True,False,Austria,Algeria,3,3,Draw
1025,2026,"Canada, Mexico, United States",2026-06-27,Group Stage,1,Group J,Normal Time,False,False,False,True,False,Argentina,Jordan,3,1,Win
1025,2026,"Canada, Mexico, United States",2026-06-27,Group Stage,1,Group J,Normal Time,False,False,False,True,False,Jordan,Argentina,1,3,Loss
1026,2026,"Canada, Mexico, United States",2026-06-17,Group Stage,1,Group K,Draw,False,False,False,True,False,DR Congo,Portugal,1,1,Draw
1026,2026,"Canada, Mexico, United States",2026-06-17,Group Stage,1,Group K,Draw,False,False,False,True,False,Portugal,DR Congo,1,1,Draw
1027,2026,"Canada, Mexico, United States",2026-06-17,Group Stage,1,Group K,Normal Time,False,False,False,True,False,Colombia,Uzbekistan,3,1,Win
1027,2026,"Canada, Mexico, United States",2026-06-17,Group Stage,1,Group K,Normal Time,False,False,False,True,False,Uzbekistan,Colombia,1,3,Loss
1028,2026,"Canada, Mexico, United States",2026-06-23,Group Stage,1,Group K,Normal Time,False,False,False,True,False,Portugal,Uzbekistan,5,0,Win
1028,2026,"Canada, Mexico, United States",2026-06-23,Group Stage,1,Group K,Normal Time,False,False,False,True,False,Uzbekistan,Portugal,0,5,Loss
1029,2026,"Canada, Mexico, United States",2026-06-23,Group Stage,1,Group K,Normal Time,False,False,False,True,False,Colombia,DR Congo,1,0,Win
1029,2026,"Canada, Mexico, United States",2026-06-23,Group Stage,1,Group K,Normal Time,False,False,False,True,False,DR Congo,Colombia,0,1,Loss
1030,2026,"Canada, Mexico, United States",2026-06-27,Group Stage,1,Group K,Draw,False,False,False,True,False,Colombia,Portugal,0,0,Draw
1030,2026,"Canada, Mexico, United States",2026-06-27,Group Stage,1,Group K,Draw,False,False,False,True,False,Portugal,Colombia,0,0,Draw
1031,2026,"Canada, Mexico, United States",2026-06-27,Group Stage,1,Group K,Normal Time,False,False,False,True,False,DR Congo,Uzbekistan,3,1,Win
1031,2026,"Canada, Mexico, United States",2026-06-27,Group Stage,1,Group K,Normal Time,False,False,False,True,False,Uzbekistan,DR Congo,1,3,Loss
1032,2026,"Canada, Mexico, United States",2026-06-17,Group Stage,1,Group L,Normal Time,False,False,False,True,False,Croatia,England,2,4,Loss
1032,2026,"Canada, Mexico, United States",2026-06-17,Group Stage,1,Group L,Normal Time,False,False,False,True,False,England,Croatia,4,2,Win
1033,2026,"Canada, Mexico, United States",2026-06-17,Group Stage,1,Group L,Normal Time,False,False,False,True,False,Ghana,Panama,1,0,Win
1033,2026,"Canada, Mexico, United States",2026-06-17,Group Stage,1,Group L,Normal Time,False,False,False,True,False,Panama,Ghana,0,1,Loss
1034,2026,"Canada, Mexico, United States",2026-06-23,Group Stage,1,Group L,Draw,False,False,False,True,False,England,Ghana,0,0,Draw
1034,2026,"Canada, Mexico, United States",2026-06-23,Group Stage,1,Group L,Draw,False,False,False,True,False,Ghana,England,0,0,Draw
1035,2026,"Canada, Mexico, United States",2026-06-23,Group Stage,1,Group L,Normal Time,False,False,False,True,False,Croatia,Panama,1,0,Win
1035,2026,"Canada, Mexico, United States",2026-06-23,Group Stage,1,Group L,Normal Time,False,False,False,True,False,Panama,Croatia,0,1,Loss
1036,2026,"Canada, Mexico, United States",2026-06-27,Group Stage,1,Group L,Normal Time,False,False,False,True,False,England,Panama,2,0,Win
1036,2026,"Canada, Mexico, United States",2026-06-27,Group Stage,1,Group L,Normal Time,False,False,False,True,False,Panama,England,0,2,Loss
1037,2026,"Canada, Mexico, United States",2026-06-27,Group Stage,1,Group L,Normal Time,False,False,False,True,False,Croatia,Ghana,2,1,Win
1037,2026,"Canada, Mexico, United States",2026-06-27,Group Stage,1,Group L,Normal Time,False,False,False,True,False,Ghana,Croatia,1,2,Loss
1038,2026,"Canada, Mexico, United States",2026-06-28,Round of 32,2,,Normal Time,False,False,False,True,False,Canada,South Africa,1,0,Win
1038,2026,"Canada, Mexico, United States",2026-06-28,Round of 32,2,,Normal Time,False,False,False,True,False,South Africa,Canada,0,1,Loss
1039,2026,"Canada, Mexico, United States",2026-06-29,Round of 32,2,,Penalties,False,True,True,True,False,Germany,Paraguay,1,1,Loss
1039,2026,"Canada, Mexico, United States",2026-06-29,Round of 32,2,,Penalties,False,True,True,True,False,Paraguay,Germany,1,1,Win
1040,2026,"Canada, Mexico, United States",2026-06-29,Round of 32,2,,Penalties,False,True,True,True,False,Morocco,Netherlands,1,1,Win
1040,2026,"Canada, Mexico, United States",2026-06-29,Round of 32,2,,Penalties,False,True,True,True,False,Netherlands,Morocco,1,1,Loss
1041,2026,"Canada, Mexico, United States",2026-06-29,Round of 32,2,,Normal Time,False,False,False,True,False,Brazil,Japan,2,1,Win
1041,2026,"Canada, Mexico, United States",2026-06-29,Round of 32,2,,Normal Time,False,False,False,True,False,Japan,Brazil,1,2,Loss
1042,2026,"Canada, Mexico, United States",2026-06-30,Round of 32,2,,Normal Time,False,False,False,True,False,France,Sweden,3,0,Win
1042,2026,"Canada, Mexico, United States",2026-06-30,Round of 32,2,,Normal Time,False,False,False,True,False,Sweden,France,0,3,Loss
1043,2026,"Canada, Mexico, United States",2026-06-30,Round of 32,2,,Normal Time,False,False,False,True,False,Côte d'Ivoire,Norway,1,2,Loss
1043,2026,"Canada, Mexico, United States",2026-06-30,Round of 32,2,,Normal Time,False,False,False,True,False,Norway,Côte d'Ivoire,2,1,Win
1044,2026,"Canada, Mexico, United States",2026-06-30,Round of 32,2,,Normal Time,False,False,False,True,False,Ecuador,Mexico,0,2,Loss
1044,2026,"Canada, Mexico, United States",2026-06-30,Round of 32,2,,Normal Time,False,False,False,True,False,Mexico,Ecuador,2,0,Win
1045,2026,"Canada, Mexico, United States",2026-07-01,Round of 32,2,,Normal Time,False,False,False,True,False,DR Congo,England,1,2,Loss
1045,2026,"Canada, Mexico, United States",2026-07-01,Round of 32,2,,Normal Time,False,False,False,True,False,England,DR Congo,2,1,Win
1046,2026,"Canada, Mexico, United States",2026-07-01,Round of 32,2,,Normal Time,False,False,False,True,False,Bosnia & Herzegovina,United States,0,2,Loss
1046,2026,"Canada, Mexico, United States",2026-07-01,Round of 32,2,,Normal Time,False,False,False,True,False,United States,Bosnia & Herzegovina,2,0,Win
1047,2026,"Canada, Mexico, United States",2026-07-01,Round of 32,2,,Extra Time,False,True,False,True,False,Belgium,Senegal,2,2,Win
1047,2026,"Canada, Mexico, United States",2026-07-01,Round of 32,2,,Extra Time,False,True,False,True,False,Senegal,Belgium,2,2,Loss
1048,2026,"Canada, Mexico, United States",2026-07-02,Round of 32,2,,Normal Time,False,False,False,True,False,Croatia,Portugal,1,2,Loss
1048,2026,"Canada, Mexico, United States",2026-07-02,Round of 32,2,,Normal Time,False,False,False,True,False,Portugal,Croatia,2,1,Win
1049,2026,"Canada, Mexico, United States",2026-07-02,Round of 32,2,,Normal Time,False,False,False,True,False,Austria,Spain,0,3,Loss
1049,2026,"Canada, Mexico, United States",2026-07-02,Round of 32,2,,Normal Time,False,False,False,True,False,Spain,Austria,3,0,Win
1050,2026,"Canada, Mexico, United States",2026-07-02,Round of 32,2,,Normal Time,False,False,False,True,False,Algeria,Switzerland,0,2,Loss
1050,2026,"Canada, Mexico, United States",2026-07-02,Round of 32,2,,Normal Time,False,False,False,True,False,Switzerland,Algeria,2,0,Win
1051,2026,"Canada, Mexico, United States",2026-07-03,Round of 32,2,,Extra Time,False,True,False,True,False,Argentina,Cape Verde,1,1,Win
1051,2026,"Canada, Mexico, United States",2026-07-03,Round of 32,2,,Extra Time,False,True,False,True,False,Cape Verde,Argentina,1,1,Loss
1052,2026,"Canada, Mexico, United States",2026-07-03,Round of 32,2,,Normal Time,False,False,False,True,False,Colombia,Ghana,1,0,Win
1052,2026,"Canada, Mexico, United States",2026-07-03,Round of 32,2,,Normal Time,False,False,False,True,False,Ghana,Colombia,0,1,Loss
1053,2026,"Canada, Mexico, United States",2026-07-03,Round of 32,2,,Penalties,False,True,True,True,False,Australia,Egypt,1,1,Loss
1053,2026,"Canada, Mexico, United States",2026-07-03,Round of 32,2,,Penalties,False,True,True,True,False,Egypt,Australia,1,1,Win
1054,2026,"Canada, Mexico, United States",2026-07-04,Round of 16,3,,Normal Time,False,False,False,True,False,France,Paraguay,1,0,Win
1054,2026,"Canada, Mexico, United States",2026-07-04,Round of 16,3,,Normal Time,False,False,False,True,False,Paraguay,France,0,1,Loss
1055,2026,"Canada, Mexico, United States",2026-07-04,Round of 16,3,,Normal Time,False,False,False,True,False,Canada,Morocco,0,3,Loss
1055,2026,"Canada, Mexico, United States",2026-07-04,Round of 16,3,,Normal Time,False,False,False,True,False,Morocco,Canada,3,0,Win
1056,2026,"Canada, Mexico, United States",2026-07-05,Round of 16,3,,Normal Time,False,False,False,True,False,Brazil,Norway,1,2,Loss
1056,2026,"Canada, Mexico, United States",2026-07-05,Round of 16,3,,Normal Time,False,False,False,True,False,Norway,Brazil,2,1,Win
1057,2026,"Canada, Mexico, United States",2026-07-05,Round of 16,3,,Normal Time,False,False,False,True,False,England,Mexico,3,2,Win
1057,2026,"Canada, Mexico, United States",2026-07-05,Round of 16,3,,Normal Time,False,False,False,True,False,Mexico,England,2,3,Loss
1058,2026,"Canada, Mexico, United States",2026-07-06,Round of 16,3,,Normal Time,False,False,False,True,False,Portugal,Spain,0,1,Loss
1058,2026,"Canada, Mexico, United States",2026-07-06,Round of 16,3,,Normal Time,False,False,False,True,False,Spain,Portugal,1,0,Win
1059,2026,"Canada, Mexico, United States",2026-07-06,Round of 16,3,,Normal Time,False,False,False,True,False,Belgium,United States,4,1,Win
1059,2026,"Canada, Mexico, United States",2026-07-06,Round of 16,3,,Normal Time,False,False,False,True,False,United States,Belgium,1,4,Loss
1060,2026,"Canada, Mexico, United States",2026-07-07,Round of 16,3,,Normal Time,False,False,False,True,False,Argentina,Egypt,3,2,Win
1060,2026,"Canada, Mexico, United States",2026-07-07,Round of 16,3,,Normal Time,False,False,False,True,False,Egypt,Argentina,2,3,Loss
1061,2026,"Canada, Mexico, United States",2026-07-07,Round of 16,3,,Penalties,False,True,True,True,False,Colombia,Switzerland,0,0,Loss
1061,2026,"Canada, Mexico, United States",2026-07-07,Round of 16,3,,Penalties,False,True,True,True,False,Switzerland,Colombia,0,0,Win
1062,2026,"Canada, Mexico, United States",2026-07-09,Quarter-final,4,,Normal Time,False,False,False,True,False,France,Morocco,2,0,Win
1062,2026,"Canada, Mexico, United States",2026-07-09,Quarter-final,4,,Normal Time,False,False,False,True,False,Morocco,France,0,2,Loss
1063,2026,"Canada, Mexico, United States",2026-07-10,Quarter-final,4,,Normal Time,False,False,False,True,False,Belgium,Spain,1,2,Loss
1063,2026,"Canada, Mexico, United States",2026-07-10,Quarter-final,4,,Normal Time,False,False,False,True,False,Spain,Belgium,2,1,Win
1064,2026,"Canada, Mexico, United States",2026-07-11,Quarter-final,4,,Extra Time,False,True,False,True,False,England,Norway,1,1,Win
1064,2026,"Canada, Mexico, United States",2026-07-11,Quarter-final,4,,Extra Time,False,True,False,True,False,Norway,England,1,1,Loss
1065,2026,"Canada, Mexico, United States",2026-07-11,Quarter-final,4,,Extra Time,False,True,False,True,False,Argentina,Switzerland,1,1,Win
1065,2026,"Canada, Mexico, United States",2026-07-11,Quarter-final,4,,Extra Time,False,True,False,True,False,Switzerland,Argentina,1,1,Loss
1066,2026,"Canada, Mexico, United States",2026-07-14,Semi-final,5,,Normal Time,False,False,False,True,False,France,Spain,0,2,Loss
1066,2026,"Canada, Mexico, United States",2026-07-14,Semi-final,5,,Normal Time,False,False,False,True,False,Spain,France,2,0,Win
1067,2026,"Canada, Mexico, United States",2026-07-15,Semi-final,5,,Normal Time,False,False,False,True,False,Argentina,England,2,1,Win
1067,2026,"Canada, Mexico, United States",2026-07-15,Semi-final,5,,Normal Time,False,False,False,True,False,England,Argentina,1,2,Loss
1068,2026,"Canada, Mexico, United States",2026-07-18,Third Place Play-off,6,,Normal Time,False,False,False,True,False,England,France,6,4,Win
1068,2026,"Canada, Mexico, United States",2026-07-18,Third Place Play-off,6,,Normal Time,False,False,False,True,False,France,England,4,6,Loss
1069,2026,"Canada, Mexico, United States",2026-07-19,Final,7,,Extra Time,False,True,False,True,False,Argentina,Spain,0,0,Loss
1069,2026,"Canada, Mexico, United States",2026-07-19,Final,7,,Extra Time,False,True,False,True,False,Spain,Argentina,0,0,Win
